SYMBOL,SERIES,OPEN,HIGH,LOW,CLOSE,LAST,PREVCLOSE,TOTTRDQTY,TOTTRDVAL,TIMESTAMP,
3IINFOTECH,EQ,159,159.5,156,156.85,156.9,156.95,13062,2055513.45,25-JUN-2006,
3MINDIA,EQ,1215,1215,1215,1215,1215,1167.3,5,6075,25-JUN-2006,
AARTIDRUGS,EQ,82,82,79.05,79.65,79.05,80.15,557,44389.05,25-JUN-2006,
AARTIIND,EQ,41.9,42.5,39.5,40.25,39.5,39.85,35612,1431248.95,25-JUN-2006,
ABANLOYD,EQ,1010.1,1024,950.1,997.45,995,988.3,4467,4474906.6,25-JUN-2006,
ABB,EQ,2350,2360,2275,2296.35,2288.85,2315.9,5385,12425728.2,25-JUN-2006,
ABIRLANUVO,EQ,724,729.9,702,710.1,704.1,678.25,12176,8701751.45,25-JUN-2006,
ABSHEKINDS,EQ,24.6,24.6,23.8,24,24,23.85,8844,212474.65,25-JUN-2006,
ACC,EQ,791,792.9,775,782.35,775.3,786.2,122146,95805849.4,25-JUN-2006,
ADANIEXPO,EQ,137.85,141.9,136.2,138.55,138.15,136.65,78323,10871530.05,25-JUN-2006,
ADHUNIK,EQ,36.4,37,36,36.6,36.4,35.95,12061,440833.7,25-JUN-2006,
ADLABSFILM,EQ,236,244,235.5,236.6,236.4,234.15,22275,5289555.7,25-JUN-2006,
ADORWELD,EQ,363,372.95,363,368.65,370,365.8,411,151689.15,25-JUN-2006,
AEGISCHEM,EQ,178,179.75,175.5,177.5,176.2,172.25,4454,792002.6,25-JUN-2006,
AFTEKINFO,EQ,56.3,56.8,55.75,56.45,56.25,55.55,224817,12674673,25-JUN-2006,
AGRODUTCH,EQ,24,24.75,23.6,23.9,23.9,24.05,30719,734189.75,25-JUN-2006,
AHMEDFORGE,EQ,188,192.9,185,186.5,187,183.9,1355,254285,25-JUN-2006,
AIAENG,EQ,600,613.9,594,600.45,605,599.5,1929,1164384.85,25-JUN-2006,
AIRDECCAN,EQ,89.8,89.8,88.05,88.25,88.15,88.15,43552,3850477.6,25-JUN-2006,
AJANTPHARM,EQ,72,73.4,72,72.45,72.5,72.75,525,38126,25-JUN-2006,
AKSHOPTFBR,EQ,66.2,68,65.05,66.2,66.85,63.9,68087,4542687.5,25-JUN-2006,
ALBK,EQ,77,79,75.9,76.7,76.75,75.95,94500,7239183.65,25-JUN-2006,
ALEMBICLTD,EQ,287,287,271.05,282.35,286,282.9,118,32898.25,25-JUN-2006,
ALFALAVAL,EQ,812,868,812,833.6,840,851.55,42,35426.5,25-JUN-2006,
ALLCARGO,EQ,668,694,668,679.25,676,669.6,323063,220969852.85,25-JUN-2006,
ALLSEC,EQ,182.5,199.5,182.5,196.9,198.35,193.9,60,11542,25-JUN-2006,
ALOKTEXT,EQ,63.9,63.9,62.7,63.15,63,62.7,24867,1574521.1,25-JUN-2006,
ALPSINDUS,EQ,104.7,105.4,101,105.4,105.4,100.35,39320,4116485.85,25-JUN-2006,
AMAR,EQ,64.95,66,62.5,65,65,61.55,192763,12484857.25,25-JUN-2006,
AMARAJABAT,EQ,268,289,268,273.05,272,265.6,194028,53601257.05,25-JUN-2006,
AMBICAAGAR,EQ,9.5,9.9,9.5,9.8,9.9,9.95,3425,33218.75,25-JUN-2006,
AMTEKAUTO,EQ,301,301,294.05,296.5,294.05,299.95,10476,3117035.25,25-JUN-2006,
AMTEKINDIA,EQ,107.8,107.9,105.7,106.1,106.1,106.65,7003,743209.85,25-JUN-2006,
ANDHRABANK,EQ,64.8,65.85,64.25,64.4,64.6,64.8,75356,4874132.6,25-JUN-2006,
ANDHRSUGAR,EQ,136.5,137.9,134.5,136.5,137.75,133.3,8656,1182081.1,25-JUN-2006,
ANSALINFRA,EQ,484.2,484.2,478,482.75,481.15,461.1,125986,60840046.55,25-JUN-2006,
ANTGRAPHIC,EQ,0.4,0.4,0.35,0.35,0.35,0.4,6750,2612.5,25-JUN-2006,
APARINDS,EQ,205,212,205,209.3,212,204.45,285,59634.25,25-JUN-2006,
APCOTEXLAT,EQ,40.5,43,40.5,43,43,42.95,170,6935,25-JUN-2006,
APIL,EQ,249.7,254.95,246,247.95,247.95,243.3,22968,5707139.25,25-JUN-2006,
APOLLOHOSP,EQ,420.1,464.9,420.1,453.4,462.9,449.6,2966,1340574.5,25-JUN-2006,
APOLLOTYRE,EQ,242.9,243,236.05,236.85,236.1,237.6,1403,334115.8,25-JUN-2006,
APPAPER,EQ,116.2,116.2,116.2,116.2,116.2,116.9,14,1626.8,25-JUN-2006,
APTECHT,EQ,109.6,109.75,107.3,107.85,107.9,107.85,61270,6643643.2,25-JUN-2006,
ARCHIES,EQ,129.4,132,128.75,129,129,123.65,1693,220146.45,25-JUN-2006,
ARL,EQ,1.5,1.5,1.45,1.5,1.5,1.5,35143,52440,25-JUN-2006,
ARSBONDS,N1,101.2,101.7,100.65,100.76,100.87,101.28,2448,246858.65,25-JUN-2006,
ARVINDMILL,EQ,62.9,62.95,62.1,62.4,62.45,62.1,77327,4833656.2,25-JUN-2006,
ASAHIINDIA,EQ,89.95,89.95,87.6,88.05,88.3,89.8,8227,725402.95,25-JUN-2006,
ASHAPURMIN,EQ,204.5,204.5,195,198.15,198,194.85,822,162681.3,25-JUN-2006,
ASHIMASYN,EQ,9.75,9.75,9.4,9.6,9.5,9.85,7374,70846.5,25-JUN-2006,
ASHOKLEY,EQ,36.9,38,36.9,37.3,37.35,36.8,832495,31189033.4,25-JUN-2006,
ASIANELEC,EQ,357,357,345.25,350.25,350,343.7,5693,2003567.9,25-JUN-2006,
ASIANHOTEL,EQ,559,578.7,559,578.7,578.7,560.15,3,1716.4,25-JUN-2006,
ASIANPAINT,EQ,573.95,574.95,570,573.95,570,573.05,355,203754,25-JUN-2006,
ASIL,EQ,10.25,10.25,9.9,10.25,10.25,10,1550,15537.5,25-JUN-2006,
ASTRAIDL,EQ,682,682,681,681,681,680.45,13,8865,25-JUN-2006,
ASTRAMICRO,EQ,213,215.5,213,213.45,213.5,216.35,2134,455151.85,25-JUN-2006,
ATFL,EQ,95.5,95.6,93,93.95,94.25,95.25,4403,414260.7,25-JUN-2006,
ATLASCYCLE,EQ,109.65,109.7,104,105.85,104,104.5,175,18618.65,25-JUN-2006,
ATUL,EQ,118,119.5,116.2,118.35,119.5,117.8,869,102755.3,25-JUN-2006,
AURIONPRO,EQ,93,93.3,90.55,93.3,90.55,90.3,4520,421658,25-JUN-2006,
AUROPHARMA,EQ,520.15,525,520.15,522.65,523,523.25,1286,672448.6,25-JUN-2006,
AUTOAXLES,EQ,489.85,489.85,480,485.15,480,485.55,36,17536.2,25-JUN-2006,
AVAYAGCL,EQ,295,309.45,295,303.8,305,293.25,1066,319013.1,25-JUN-2006,
AVENTIS,EQ,1539.95,1540,1539,1539.8,1540,1500,44,67754.85,25-JUN-2006,
AXIS-IT&T,BE,10.35,10.35,10.35,10.35,10.35,10.7,40,414,25-JUN-2006,
AZTEC,EQ,172,172,166.45,168.05,167.75,167.75,10651,1795259.2,25-JUN-2006,
BAGFILMS,EQ,8.75,9.05,8.75,9,9,8.8,12877,115266.9,25-JUN-2006,
BAGYAMETAL,EQ,61.65,64.2,59.65,63.5,64.2,58.35,66301,4177937.9,25-JUN-2006,
BAJAJAUTO,EQ,2651,2749.8,2651,2703.55,2680,2692.25,7555,20465733.75,25-JUN-2006,
BAJAJHIND,EQ,376,387.4,374,376.65,376.45,373,138974,52551967.15,25-JUN-2006,
BAJAUTOFIN,EQ,400,400,385,393.65,390.5,371.45,152,60222,25-JUN-2006,
BALAJITELE,EQ,110,113,107.2,111.65,111.7,110,3673,409515.05,25-JUN-2006,
BALASPONGE,EQ,40,40.9,39.9,40.7,40.5,38,2450,99142.5,25-JUN-2006,
BALASTEELS,EQ,14.7,14.7,14,14.1,14,14.05,1300,18435,25-JUN-2006,
BALKRISIND,EQ,549,580,549,567.4,580,542.25,963,544670.75,25-JUN-2006,
BALPHARMA,EQ,40.25,42.15,40.25,42.15,42.15,40.15,575,24101.25,25-JUN-2006,
BALRAMCHIN,EQ,124.4,124.8,120.5,121.65,121.9,122.4,125868,15400851.5,25-JUN-2006,
BANARISUG,EQ,1235,1251,1235,1249.4,1251,1194,229,284665.85,25-JUN-2006,
BANKBARODA,EQ,204,206.9,202.95,203.7,203.5,204.3,25409,5184141.5,25-JUN-2006,
BANKINDIA,EQ,108.45,108.45,105.5,106.05,105.9,106.35,37935,4040537,25-JUN-2006,
BANKRAJAS,EQ,30.15,32.35,30.15,31.95,31.85,30.75,121799,3876664.25,25-JUN-2006,
BARTRONICS,EQ,63,63.7,63,63.4,63.6,60.8,9629,609130.7,25-JUN-2006,
BASF,EQ,189.5,192.35,189.5,191.4,192.35,189.5,1808,345611.5,25-JUN-2006,
BASML,EQ,89.5,90.5,89.5,90,90.5,90.6,2195,198190.25,25-JUN-2006,
BATAINDIA,EQ,189.5,191.85,186.5,188.95,188,185.4,211193,40056509.5,25-JUN-2006,
BBTC,EQ,318.9,318.9,310,310,310,307.85,30,9436.5,25-JUN-2006,
BCCL,EQ,56.7,56.7,56.7,56.7,56.7,56.05,10,567,25-JUN-2006,
BEL,EQ,1088,1088,1062,1073,1073.9,1068.25,2511,2694922.5,25-JUN-2006,
BELCERAMIC,EQ,16.1,17.4,16.05,17.2,16.6,17.05,1100,18693.5,25-JUN-2006,
BEML,EQ,1020,1020,980,989.8,991,971.1,7809,7734886.25,25-JUN-2006,
BEPL,EQ,33.4,33.65,33,33.55,33.65,32.05,10000,334258,25-JUN-2006,
BERGEPAINT,EQ,81,81,78.05,79.45,78.5,77.15,8150,646981,25-JUN-2006,
BGFL,EQ,229,229,215.5,227.45,222.8,213.45,5863,1333268,25-JUN-2006,
BHARATFORG,EQ,315.1,318.5,312,315,312,313.45,26007,8202166.35,25-JUN-2006,
BHARATGEAR,EQ,63.95,64,62.35,63.1,62.4,61.25,2068,130824.6,25-JUN-2006,
BHARATRAS,EQ,49,49.6,49,49.55,49.6,45.05,740,36627.5,25-JUN-2006,
BHARTIARTL,EQ,375,375,363.5,366.15,367.95,370.4,63021,23174231.55,25-JUN-2006,
BHARTISHIP,EQ,385,385,366,374,379.4,380.45,1331,500697.5,25-JUN-2006,
BHEL,EQ,1939,1939,1870,1876.55,1871,1880.35,26600,50062663.95,25-JUN-2006,
BHUSANSTL,EQ,208,208.4,202.15,206.35,207,202.45,27892,5740636.15,25-JUN-2006,
BIL,EQ,145.1,146.1,145,145.05,145,152.15,400,58016,25-JUN-2006,
BILT,EQ,107.9,109.5,103.05,104,103.9,102.55,32143,3349009,25-JUN-2006,
BINDALAGRO,EQ,24.7,24.7,23.4,23.55,23.45,23.7,143722,3405843.65,25-JUN-2006,
BIOCON,EQ,374,374,365.1,366.45,366.2,365.85,1146,421140,25-JUN-2006,
BIRLAERIC,EQ,24,25,23.6,23.85,24.4,23.85,10407,248945.1,25-JUN-2006,
BIRLAJUTE,EQ,245,246.5,241.3,244.7,243,239.55,33176,8094880.6,25-JUN-2006,
BLKASHYAP,EQ,925,928.9,895.1,913.05,900,893.25,1331,1218648.4,25-JUN-2006,
BLUECHIP,EQ,1.1,1.25,1.1,1.25,1.25,1.15,3250,3975,25-JUN-2006,
BLUEDART,EQ,451,456.5,451,455.5,456.5,451.35,12,5444.5,25-JUN-2006,
BLUESTARCO,EQ,645,645,605.2,605.2,605.2,611.1,25,15866,25-JUN-2006,
BLUESTINFO,EQ,72,75,72,73.85,72.1,71.7,511,37678.65,25-JUN-2006,
BOC,EQ,168,171,166,167,166.5,169.75,10479,1757343.45,25-JUN-2006,
BOMDYEING,EQ,610,624.85,605,614.75,613,612.5,201393,124380708.1,25-JUN-2006,
BONGAIREFN,EQ,49,49.95,49,49.6,49.6,49.25,38639,1915560.85,25-JUN-2006,
BOSCHCHASY,EQ,848,850,826.1,847.35,850,849.3,336,284418,25-JUN-2006,
BPCL,EQ,338,345,336,342.85,342,336.55,15505,5308557.4,25-JUN-2006,
BPL,BE,44,44.8,41.5,42.75,42.85,42.95,2799,119014.35,25-JUN-2006,
BPLENGG,EQ,4.9,5.45,4.9,5.45,5.45,5.15,5020,26877.5,25-JUN-2006,
BRFL,EQ,173.6,175,172,172.75,173.15,172.15,64927,11239624.8,25-JUN-2006,
BRITANNIA,EQ,1299.95,1299.95,1275,1296.05,1290,1278.6,84,108781.75,25-JUN-2006,
BSELINFRA,BE,50.7,51,49,50.5,50,49.6,33498,1683887.25,25-JUN-2006,
BSL,EQ,34.5,34.5,34.5,34.5,34.5,33.2,59,2035.5,25-JUN-2006,
CADILAHC,EQ,567,575,567,571.3,572,566.2,1497,855344.15,25-JUN-2006,
CALSOFT,EQ,71,71,68,68.85,68,70.6,600,41318.75,25-JUN-2006,
CANBK,EQ,209,211.5,208,208.8,208.7,209.25,19272,4033371.3,25-JUN-2006,
CANFINHOME,BE,48.7,49.8,47.5,48.2,47.7,48.55,2230,107758.4,25-JUN-2006,
CARBORUNIV,EQ,136,136,128,130.65,129,131.5,3706,485970.9,25-JUN-2006,
CAROLINFO,EQ,35.95,36.5,34.6,36.15,36,35.95,4805,173010,25-JUN-2006,
CCL,EQ,409,410,393,396.6,403,392.2,95,38360,25-JUN-2006,
CEAT,BE,79,79,77.1,77.5,77.75,77.4,3796,295851.7,25-JUN-2006,
CELEBRITY,EQ,142,143.5,140.3,141.65,140.3,139.15,630,89242.5,25-JUN-2006,
CENTBOP,EQ,20.5,22.25,20.5,21.4,21.5,21.3,53510,1138872.95,25-JUN-2006,
CENTENKA,EQ,135.8,137.35,131.1,135.8,136.25,133.3,4856,658426.6,25-JUN-2006,
CENTEXT,EQ,3.35,3.45,3.3,3.4,3.35,3.3,7000,23540,25-JUN-2006,
CENTURYPLY,EQ,142.65,149.8,142.65,149.05,149.8,142.65,7965,1183136.5,25-JUN-2006,
CENTURYTEX,EQ,369.9,371.8,364,366.85,365.1,368.4,284690,104839327.35,25-JUN-2006,
CESC,EQ,267.5,269.9,265,266.85,265,267.8,3666,980858,25-JUN-2006,
CHAMBLFERT,EQ,33.7,33.75,33.25,33.5,33.6,33.6,65203,2183217.6,25-JUN-2006,
CHEMFALKAL,EQ,120,120,116,118.2,120,117.4,2200,260000,25-JUN-2006,
CHEMPLAST,EQ,6.8,6.8,6.3,6.45,6.45,6.5,13011,84152.75,25-JUN-2006,
CHENNPETRO,EQ,185,185,175,182.8,183.5,183.6,860,157063.2,25-JUN-2006,
CHESLINTEX,EQ,16.4,16.5,16.4,16.45,16.5,16.4,200,3290,25-JUN-2006,
CHOLADBS,EQ,147.5,147.5,147.5,147.5,147.5,157.55,50,7375,25-JUN-2006,
CIMCOBIRLA,EQ,5.2,5.4,5,5.25,5,5.2,886,4671.25,25-JUN-2006,
CINEVISTA,EQ,19.3,19.3,19.3,19.3,19.3,18.4,150,2895,25-JUN-2006,
CIPL,EQ,10.2,10.4,10.15,10.35,10.4,10.15,25768,266095.1,25-JUN-2006,
CIPLA,EQ,227,230,225.1,226.7,226,226.3,111242,25306137.25,25-JUN-2006,
CLASSIC,EQ,249,250.4,246,247.5,246,238.6,8645,2143675.75,25-JUN-2006,
CLNINDIA,EQ,284.5,285,262.05,275,274.1,273.25,1365,371972.7,25-JUN-2006,
CMC,EQ,414.8,415,405,407.5,411,410.55,1146,470990.35,25-JUN-2006,
COCHINREFN,EQ,138,142,137.55,140.85,140,138.15,5158,725678.35,25-JUN-2006,
COLGATE,EQ,352,370,352,362.05,361,365.6,8074,2942455.6,25-JUN-2006,
COLORCHIPS,EQ,8.6,9.05,8.6,9,8.9,8.65,2050,18325,25-JUN-2006,
COMPUTECH,EQ,5.8,5.85,5.5,5.7,5.85,5.75,15200,85427.5,25-JUN-2006,
COMSYS,EQ,23,23.75,23,23.25,23.05,22.85,2250,52447.5,25-JUN-2006,
CONSOFINVT,EQ,30.4,30.45,28.9,29.05,29.45,29.8,5700,167585,25-JUN-2006,
COROMNFERT,EQ,67.5,67.5,65,66.1,66,65.4,8782,578244.6,25-JUN-2006,
CORPBANK,EQ,250,259.45,250,251.1,251.8,249.3,3664,925494.85,25-JUN-2006,
COSMOFILMS,EQ,106.9,122.6,106.9,119.5,118.2,106.35,414994,48619515.4,25-JUN-2006,
CRANESSOFT,EQ,97.3,100.2,97.3,99.65,99,99.5,1112,110777.4,25-JUN-2006,
CREATIVEYE,EQ,6.15,6.2,6.15,6.2,6.2,6.1,2331,14435.65,25-JUN-2006,
CRESTANI,EQ,92.5,94.5,91.35,94.45,94.1,90,7539,709640,25-JUN-2006,
CREWBOS,EQ,158,158,151,152.5,152.5,151.35,1871,285756.5,25-JUN-2006,
CRISIL,EQ,1485,1485,1450,1461.85,1469,1451.7,20,29468.7,25-JUN-2006,
CROMPGREAV,EQ,895,899,860,867.7,860,869.1,1453,1266112.8,25-JUN-2006,
CUB,EQ,98.8,98.8,96.55,97.2,96.55,97.75,1725,168038.7,25-JUN-2006,
CUMMINSIND,EQ,189.5,194,183,184.9,183.15,183.2,99451,18427219.5,25-JUN-2006,
CYBERMEDIA,EQ,70,71.05,68,70.75,71.05,67.8,1330,93400.25,25-JUN-2006,
CYBERTECH,EQ,11.95,12,11.95,11.95,12,11.5,1400,16755,25-JUN-2006,
D-LINK,EQ,77.3,77.3,73,75.9,76,74.9,4765,362022.5,25-JUN-2006,
DABUR,EQ,135.5,135.9,132.5,134.6,133,134.85,77931,10506538.45,25-JUN-2006,
DABURPHARM,EQ,58.4,58.4,54.05,56.45,56.6,56.9,4627,261359.75,25-JUN-2006,
DALMIACEM,EQ,294.2,298,292.3,295.35,293,288.85,1957,578804.2,25-JUN-2006,
DATATECH,EQ,50.9,50.9,49,49.8,50,48.55,12734,633962.3,25-JUN-2006,
DCHL,EQ,380,385,350,369.45,373,359.7,118,43777.6,25-JUN-2006,
DCM,EQ,60.8,61,58.3,59.2,59,58.65,11750,702327.25,25-JUN-2006,
DCMSRMCONS,EQ,90,90,83.4,86.75,86.5,87.35,2517,219703.45,25-JUN-2006,
DCW,EQ,12.2,12.65,12,12.15,12.2,12.1,50824,618628.6,25-JUN-2006,
DEEPAKFERT,EQ,77,77,70.5,73.9,73.65,71.9,34092,2513586.25,25-JUN-2006,
DENABANK,EQ,27.3,27.3,25.6,26.55,26.65,26.85,109707,2903735.3,25-JUN-2006,
DEWANHOUS,EQ,71.4,71.85,69.5,70.25,70.15,70.8,105045,7425520.65,25-JUN-2006,
DHAMPURSUG,EQ,161,162.4,157.05,158.1,157.1,159.2,16525,2623276.65,25-JUN-2006,
DHANBANK,EQ,23.75,25.25,23.75,24.2,24.2,24.4,2011,48717.75,25-JUN-2006,
DHARSUGAR,EQ,38.5,38.85,38.5,38.85,38.85,37,1400,54035,25-JUN-2006,
DICIND,EQ,166,182.3,166,177.95,182.3,172.75,600,105580,25-JUN-2006,
DISHMAN,EQ,176,179.85,169.15,174.1,175,170.1,1692,294672.45,25-JUN-2006,
DIVISLAB,EQ,1290,1340,1290,1304.95,1310,1281.45,1017,1330407.1,25-JUN-2006,
DREDGECORP,EQ,530,535.9,530,534.2,531.5,530.7,196,104576,25-JUN-2006,
DRREDDY,EQ,1286,1294.65,1272.1,1282,1273.1,1263.15,41881,53785336.6,25-JUN-2006,
DSKULKARNI,EQ,221.05,221.05,221.05,221.05,221.05,210.5,8102,1790947.1,25-JUN-2006,
DUNCANSIND,EQ,12.05,12.5,12,12.4,12.45,12.15,8075,99920,25-JUN-2006,
DWARKESH,EQ,131,134.25,131,131.8,131.85,132.85,7645,1011522.2,25-JUN-2006,
DYNACONS,EQ,0.45,0.5,0.45,0.45,0.5,0.45,36192,16461.9,25-JUN-2006,
EASTSILK,EQ,190,193.75,190,191.45,190,194.45,710,135548,25-JUN-2006,
EASUNREYRL,EQ,602,633,602,617.1,618.4,632.85,11962,7322862.9,25-JUN-2006,
EDUCOMP,EQ,375,379,375,379,379,380.55,35,13186,25-JUN-2006,
EICHER,EQ,48,52,48,51.6,50.9,50.2,601,30616.95,25-JUN-2006,
EICHERMOT,EQ,234.9,235,228.1,229.9,228.1,234.55,816,188329.25,25-JUN-2006,
EIDPARRY,EQ,230,230,220,221.1,221,219.9,7172,1591624.65,25-JUN-2006,
EIHOTEL,EQ,605.95,605.95,595,598.7,597.5,589.7,1581,947880.45,25-JUN-2006,
EKC,EQ,315,315,309,309.45,313.5,308.8,313,97021.5,25-JUN-2006,
ELDERPHARM,EQ,320,320,311,316.75,316.5,317.55,1265,400178.65,25-JUN-2006,
ELECTCAST,EQ,358,364.9,355.65,362,362.8,355.3,335,121021.95,25-JUN-2006,
ELGIEQUIP,EQ,63.5,63.5,62.5,62.6,62.5,62.15,1885,118519.5,25-JUN-2006,
ELGITYRE,EQ,34.75,34.75,34.05,34.2,34.3,33.35,1131,39005,25-JUN-2006,
EMCO,EQ,479.9,479.9,440.05,461.25,451,461.15,1137,526409.5,25-JUN-2006,
EMERCK,EQ,499,499,480,493.8,480,496.05,231,114078,25-JUN-2006,
EMKAY,EQ,69.85,69.85,68,68.25,68,69.05,694,47554.95,25-JUN-2006,
ENGINERSIN,EQ,506,528,505,518.95,520.7,501.5,1011,526577.05,25-JUN-2006,
ENIL,EQ,217,217,208.05,210.25,209.8,213.75,621,131239,25-JUN-2006,
ERACONS,EQ,279.8,288.35,279.8,288.35,288.35,274.6,106048,30412532.6,25-JUN-2006,
ESABINDIA,EQ,360,366.4,350,358.05,359.75,355.5,1152,413197.95,25-JUN-2006,
ESCORTS,EQ,74.5,74.95,73,73.3,73.2,73.75,62043,4567448.3,25-JUN-2006,
ESSAROIL,EQ,43.5,46.3,43.35,45,45.6,43.4,1141660,51074813.15,25-JUN-2006,
ESSELPACK,EQ,70,71.8,65.5,66.4,66.15,66,3125,210567.15,25-JUN-2006,
ESTL,EQ,41.8,41.85,40.7,41.3,41.1,40.25,278191,11504276,25-JUN-2006,
ESTL,P1,2,2,2,2,2,2.25,600,1200,25-JUN-2006,
ETCNET,EQ,38.95,39,38,38.75,38.3,38.7,3384,131156,25-JUN-2006,
EUROTEXIND,EQ,40.5,40.5,37,37.6,37.05,37.2,1035,39562.25,25-JUN-2006,
EVEREADY,EQ,92.3,93.8,91.9,92.7,92.7,93.45,11950,1106208,25-JUN-2006,
EVERESTIND,EQ,108.4,108.4,105.8,106,107.65,104.2,3309,352109,25-JUN-2006,
EXCELCROP,EQ,120.2,122.5,120.15,121.5,122,120,750,90968.75,25-JUN-2006,
EXCELINDUS,EQ,43.25,43.5,42.95,43.15,42.95,40.65,210,9064,25-JUN-2006,
EXIDEIND,EQ,267.75,278,260.25,270.6,270,262.25,11004,2969311.6,25-JUN-2006,
FACT,EQ,25,25.9,25,25.7,25.65,25.15,5508,140757,25-JUN-2006,
FAGBEARING,EQ,539,549.8,536.25,544.7,540,523.65,2358,1284005,25-JUN-2006,
FCSSOFT,EQ,82.8,82.8,81.05,81.6,81.05,80.4,4350,355690.95,25-JUN-2006,
FDC,EQ,42.05,45,41.15,43.75,43.7,42.05,59714,2609170.05,25-JUN-2006,
FEDDERLOYD,EQ,146.7,146.7,141.4,142,142.1,144.7,535,76447.25,25-JUN-2006,
FEDERALBNK,EQ,167.5,167.5,162,163.75,163.9,166.2,8485,1388876.65,25-JUN-2006,
FINANTECH,EQ,1220,1240,1181,1205.15,1192,1216.6,3620,4376332.45,25-JUN-2006,
FINCABLES,EQ,310,310,292.1,304.95,300.15,296.65,801,244212.75,25-JUN-2006,
FINPIPE,EQ,79.45,81.5,78.1,78.95,78.6,78.4,50233,3980963.25,25-JUN-2006,
FIRSTLEASE,EQ,45,45,41.8,42.3,41.9,43.2,2853,120967.7,25-JUN-2006,
FLEX,EQ,62.5,62.5,58.3,60.7,60.25,61.45,9928,606433.25,25-JUN-2006,
FLEXCHEM,EQ,20,20,20,20,20,21,102,2040,25-JUN-2006,
FLEXENGG,EQ,31.5,31.55,31.5,31.5,31.5,32.05,300,9451.25,25-JUN-2006,
FOSECOIND,EQ,341,341.75,340.65,341.2,341.75,327.65,20,6822,25-JUN-2006,
FOURSOFT,EQ,51.65,51.65,51.65,51.65,51.65,49.15,2113,109136.45,25-JUN-2006,
GABRIEL,EQ,31.65,31.8,30.6,30.8,30.75,30.85,31300,972292.55,25-JUN-2006,
GAEL,EQ,20,20.25,19.5,20.05,20.05,20.05,12670,253436.45,25-JUN-2006,
GAIL,EQ,249.7,253.9,245,246.95,246,244.55,72216,17971894.3,25-JUN-2006,
GALLANTT,EQ,10.55,12.45,10.55,12.3,12.45,11.3,72840,884147.25,25-JUN-2006,
GAMMONIND,EQ,365,365,358.1,361.4,362.5,358.1,2891,1046854.85,25-JUN-2006,
GANGOTRI,EQ,38.35,38.4,36.8,38.2,38,36.55,33689,1286042.95,25-JUN-2006,
GARDENSILK,EQ,54,54,48,48.95,48.65,47.75,5217,255808.35,25-JUN-2006,
GDL,EQ,182,184,178,179.85,179.25,180.6,10835,1957592.05,25-JUN-2006,
GENUSOVERE,EQ,180,180,177.5,179.8,180,179.75,3000,539510,25-JUN-2006,
GEOINFO,EQ,165,165.8,161.15,163.45,165,165.35,1504,247094,25-JUN-2006,
GEOJIT,EQ,195.05,199,195.05,198.75,199,196.25,2574,510713,25-JUN-2006,
GEOMETRIC,EQ,92.7,93.4,90.65,91.35,92.2,92.35,21710,1991040.85,25-JUN-2006,
GEORGWILIM,EQ,279,279,260.05,267,261,265.75,1285,344879.25,25-JUN-2006,
GESCOCORP,EQ,626.4,644,626.4,632.5,631.95,629.5,248144,157730180.2,25-JUN-2006,
GESHIPPING,EQ,216,219,213,214.4,214,215.6,29836,6397480.35,25-JUN-2006,
GHCL,EQ,115,117.5,114,115.5,115.25,114.45,82203,9500825.9,25-JUN-2006,
GICHSGFIN,EQ,37.8,37.9,36.55,37.55,37.15,37.3,1580,59396.5,25-JUN-2006,
GILLETTE,EQ,722.55,749,722.55,749,749,750.75,220,164515.5,25-JUN-2006,
GINNIFILA,EQ,18.3,18.8,17.8,18.15,18.3,18.3,13927,253438.35,25-JUN-2006,
GIPCL,EQ,54.85,54.95,54.3,54.55,54.65,54.35,9817,536364.15,25-JUN-2006,
GITANJALI,EQ,164.7,179.65,164.25,178.6,176.3,163.3,933859,164430230.25,25-JUN-2006,
GKW,EQ,24.85,24.9,23.4,24.7,24.7,23.7,9178,227396.6,25-JUN-2006,
GLAXO,EQ,998,1025,998,1016.6,1025,1011,3404,3453004.75,25-JUN-2006,
GLENMARK,EQ,272.35,275,270,272.3,271,272.3,4854,1323274.95,25-JUN-2006,
GMBREW,EQ,118.5,118.5,118.5,118.5,118.5,112.85,560,66360,25-JUN-2006,
GMDCLTD,EQ,296,296,296,296,296,298.75,1,296,25-JUN-2006,
GMRINDSTRS,BE,197.3,197.3,190,194.9,197.3,187.9,2928,569875.45,25-JUN-2006,
GNFC,EQ,95.5,95.9,93.9,94.7,94.7,94.1,47842,4523010.1,25-JUN-2006,
GODAVRFERT,EQ,67.05,67.1,67.05,67.1,67.1,66.9,302,20264.1,25-JUN-2006,
GODREJCP,EQ,676,680,639.8,655.6,656,667.7,686,452434.05,25-JUN-2006,
GODREJIND,EQ,530,538,524.95,532.1,530,514.25,5374,2848917.8,25-JUN-2006,
GOETZEIND,EQ,312,314,308,311.1,309.05,306.25,4146,1292986.7,25-JUN-2006,
GOKEX,EQ,542.05,550,542,542.65,542,554.45,58,31465.25,25-JUN-2006,
GOLDIAM,EQ,128.9,128.9,120.3,123.65,122,122.9,6317,786031.65,25-JUN-2006,
GOLDTECH,EQ,20.2,20.65,20.2,20.45,20.65,20.35,511,10401.9,25-JUN-2006,
GOLDTELE,EQ,20.95,20.95,19.8,20,20,19.95,2694,54386.2,25-JUN-2006,
GOODLASNER,EQ,718,724,718,724,724,730.35,84,60593,25-JUN-2006,
GPIL,EQ,81.25,84,80,82.25,81.55,81.05,20961,1720187.55,25-JUN-2006,
GRANULES,EQ,86.45,89,82,85.45,89,85.9,4730,397928.05,25-JUN-2006,
GRAPHITE,EQ,245,245,235,239.2,242,240.25,395,95362.5,25-JUN-2006,
GRASIM,EQ,1900,1907,1855,1869.9,1865,1873.25,16975,31855643.95,25-JUN-2006,
GREAVESCOT,EQ,342,342.25,320,326.4,320.05,327.55,1431,467835.35,25-JUN-2006,
GREENPLY,EQ,91,93.5,91,93,93,89.9,455,42079.5,25-JUN-2006,
GRUH,EQ,124,124,121.05,121.8,123,122,1211,147651.65,25-JUN-2006,
GSFC,EQ,190,190,185,185.65,185,185.2,1720,320240.5,25-JUN-2006,
GSKCONS,EQ,507,510,501.05,501.4,507,504.5,28,14137.75,25-JUN-2006,
GSPL,EQ,32.8,32.95,32.5,32.8,32.8,32.7,72255,2372237.45,25-JUN-2006,
GTCIND,EQ,142,142.8,142,142.8,142.8,136,12510,1785075.1,25-JUN-2006,
GTL,EQ,152,152.85,150.5,151.9,152.3,150.4,24009,3641447.35,25-JUN-2006,
GTNIND,EQ,32.05,37.2,32.05,34.65,34.6,35.05,952,33314.1,25-JUN-2006,
GTNTEX,EQ,23.5,23.7,22.95,23.55,23.7,23,622,14657.9,25-JUN-2006,
GUFICBIO,EQ,10.05,10.15,9.7,9.95,9.7,9.95,1002,10000.05,25-JUN-2006,
GUJALKALI,EQ,175,175.7,170.3,171.7,171.5,173.55,27050,4654930.55,25-JUN-2006,
GUJAMBCEM,EQ,96.8,96.9,95.55,96,95.65,96.2,289391,27836498.45,25-JUN-2006,
GUJFLUORO,EQ,440,440,402,411.5,411,420.3,1108,453255.7,25-JUN-2006,
GUJNRECOKE,EQ,73,73.45,72.15,72.9,73.45,71.65,64551,4699211.25,25-JUN-2006,
GUJRATGAS,EQ,1023.9,1023.9,1017,1017,1017,1007.65,14,14266.8,25-JUN-2006,
GUJSIDHCEM,EQ,17.25,17.25,16.1,16.35,16.4,16.55,26185,431667.8,25-JUN-2006,
GVKPIL,EQ,179.5,179.5,172.5,174.1,174.5,172.2,18487,3217941.4,25-JUN-2006,
HANILERA,EQ,29.35,29.4,27.75,28.6,29,28.05,12501,354347.45,25-JUN-2006,
HARRMALAYA,EQ,88.7,88.7,85.2,87.05,87,87.1,21045,1841355.4,25-JUN-2006,
HAVELLS,EQ,585.2,593,580.15,583.4,583,582.1,8095,4748282.95,25-JUN-2006,
HBSTOCK,EQ,16.5,16.5,16.5,16.5,16.5,17.15,50,825,25-JUN-2006,
HCL-INSYS,EQ,136,137.7,133.2,134,133.3,135.1,6294,847610.55,25-JUN-2006,
HCLTECH,EQ,485,485,460,473.3,473.95,475.4,14223,6742146.35,25-JUN-2006,
HDFC,EQ,1100,1140,1092.1,1103,1100.1,1105.45,8245,9125537.55,25-JUN-2006,
HDFCBANK,EQ,762,762,734.5,741.45,742.95,749.4,9325,6933226.6,25-JUN-2006,
HEG,EQ,118.75,125.8,118.6,124.5,125.75,118.05,3771,467475.35,25-JUN-2006,
HELIOSMATH,EQ,138,139.05,136.1,136.85,137,135.25,9860,1357137.25,25-JUN-2006,
HERITGFOOD,EQ,146.9,146.9,143,143.5,143,144.1,340,48917.8,25-JUN-2006,
HEROHONDA,EQ,780,798,758,764.2,760,759.45,17984,13827243,25-JUN-2006,
HEXAWARE,EQ,132,135,130,131.9,131.05,132.15,9319,1237159.1,25-JUN-2006,
HIMACHLFUT,EQ,27,27.5,26.5,26.75,26.55,27,435592,11744960,25-JUN-2006,
HIMATSEIDE,EQ,100,104,100,102.75,103.1,101.45,545,55960.9,25-JUN-2006,
HINDALC0,E1,89,90.6,88.2,90.05,89.75,87.95,67848,6103479.15,25-JUN-2006,
HINDALC0,EQ,173,178,171.5,172.5,172,171.3,444737,76757500.75,25-JUN-2006,
HINDCONS,EQ,111.8,111.8,109.1,110.7,110.1,110,26744,2959678.6,25-JUN-2006,
HINDDORROL,EQ,99.45,100.25,97,99.65,99.35,95.45,10305,1019574.25,25-JUN-2006,
HINDLEVER,EQ,223,226,220.2,221.1,221.3,221.85,101744,22562305,25-JUN-2006,
HINDMOTOR,EQ,33.25,33.5,32.7,33.05,33,32.8,179306,5935345.1,25-JUN-2006,
HINDOILEXP,EQ,122.2,125,121.35,122.85,124.5,121.55,18729,2298718.95,25-JUN-2006,
HINDPETRO,EQ,257.25,263,257,258.7,260,255.9,12326,3199525.1,25-JUN-2006,
HINDSANIT,EQ,108,108,105,105.05,106,105.45,1025,109250,25-JUN-2006,
HINDSYNTEX,EQ,7.8,7.8,7.5,7.7,7.7,7.4,1100,8460,25-JUN-2006,
HITACHIHOM,EQ,71.25,73,70.5,72.25,72.15,72.4,3862,278086.65,25-JUN-2006,
HITECHGEAR,EQ,128,128,126.7,127.2,126.7,129,102,12972.4,25-JUN-2006,
HMT,EQ,64.3,70.45,64.2,69.15,69.1,64.55,1007156,69273145.7,25-JUN-2006,
HOCL,EQ,28.45,28.45,27.6,28.2,28.25,27.3,22261,626811.6,25-JUN-2006,
HONAUT,EQ,1290,1299,1256,1262.45,1256,1259.6,242,308617.5,25-JUN-2006,
HOTELEELA,EQ,309.7,311.6,303.1,305.85,305.95,302.3,20368,6244765.2,25-JUN-2006,
HTMEDIA,EQ,386,390,385.05,388.3,385.05,386.25,438,170242.25,25-JUN-2006,
HTMT,EQ,535,540,521,524.4,521,528.3,11045,5853140.3,25-JUN-2006,
HYDRBADIND,EQ,300,300,278.55,284.85,285,285.15,923,263394.75,25-JUN-2006,
I-FLEX,EQ,1059,1076,1042,1056.5,1043.25,1059.8,4552,4824371.25,25-JUN-2006,
IBP,EQ,380.1,407.9,380.1,400.85,400,402,587,235655.65,25-JUN-2006,
ICI,EQ,299,325,286,295.1,286,286.45,512,151241.5,25-JUN-2006,
ICICIBANK,EQ,514,514,505,507.2,507,508.05,43487,22098971.2,25-JUN-2006,
ICIL,EQ,17.25,17.25,17.25,17.25,17.25,16.65,100,1725,25-JUN-2006,
IDBI,EQ,60.5,60.5,58.6,59.35,59.25,59.2,252787,15019656.6,25-JUN-2006,
IDFC,EQ,56,56.9,55.7,55.95,55.95,55.8,68742,3849838,25-JUN-2006,
IFBAGRO,EQ,40.7,40.95,40.5,40.5,40.5,39,60,2440.5,25-JUN-2006,
IFBIND,EQ,18.05,19,18.05,19,19,18.15,462,8668,25-JUN-2006,
IFCI,EQ,9.5,9.5,9.25,9.35,9.35,9.35,1872320,17476944.55,25-JUN-2006,
IGARASHI,EQ,126,129,122.6,126,122.6,126.15,52,6551.6,25-JUN-2006,
IGL,EQ,113.1,114.8,111.75,112.55,112.9,114.75,6063,683505.65,25-JUN-2006,
IGS,EQ,201.5,202.5,196.05,196.15,196.05,196.4,200,39841.25,25-JUN-2006,
IMPAL,EQ,186,186,186,186,186,193.25,91,16926,25-JUN-2006,
IMPEXFERRO,EQ,12,12.5,11.75,12.5,12.5,12.15,1850,22112.5,25-JUN-2006,
INDHOTEL,EQ,1127,1127,1090,1108.2,1090,1119.25,11790,13108456.6,25-JUN-2006,
INDIABULLS,EQ,263,263,257.25,258.7,257.5,258.7,90297,23456172.3,25-JUN-2006,
INDIACEM,EQ,160.05,163.8,160.05,162.55,161,160.75,1473750,239355965.75,25-JUN-2006,
INDIAFOILS,EQ,9.7,9.7,9.1,9.2,9.5,9.55,3176,29189.5,25-JUN-2006,
INDIAGLYCO,EQ,142,145,138,139.45,138.15,138.95,15271,2162442.25,25-JUN-2006,
INDIAINFO,EQ,111.7,114.95,110.3,111.35,111.1,108.95,45335,5083278.95,25-JUN-2006,
INDIANCARD,EQ,219.5,224,207.25,221.1,217.25,218.45,562,123936.95,25-JUN-2006,
INDIANHUME,BE,283.9,283.9,266.05,272.95,266.2,272.65,170,46398.15,25-JUN-2006,
INDNIPPON,EQ,225,225,225,225,225,228.35,100,22500,25-JUN-2006,
INDOCO,EQ,265,269.7,265,269.1,266.05,259.85,235,63042.7,25-JUN-2006,
INDORAMA,EQ,60,60,58.2,59.05,58.75,58.75,4251,250983.25,25-JUN-2006,
INDORAMTEX,EQ,48.25,54.9,48.25,53.9,53.9,50.85,413,21208.5,25-JUN-2006,
INDOTECH,EQ,164.8,168,162,165.35,165,165.2,1571,259494.4,25-JUN-2006,
INDRAMEDCO,EQ,31.6,32.7,31.6,32.3,32.05,31.45,10655,343687.6,25-JUN-2006,
INDSWFTLAB,EQ,79,82.45,77.6,81.15,81.5,78.8,33737,2718625.7,25-JUN-2006,
INDSWFTLTD,EQ,40.5,44.65,39.7,43.75,44.1,40.25,209891,9132824.1,25-JUN-2006,
INDUJENERT,BE,24.8,24.8,22.75,23.7,23,23.8,800,19065,25-JUN-2006,
INDUSINDBK,EQ,34,37.7,33.5,35.25,35.45,32.7,534959,18651236.15,25-JUN-2006,
INFOSYSTCH,EQ,2995,3020,2980,2989.65,2984,2991.55,53580,160434327.25,25-JUN-2006,
INFOTECENT,EQ,460,464.95,453.9,456.55,455,459.3,2012,920022.5,25-JUN-2006,
INGERRAND,EQ,280,280,264,266.5,271.95,266.85,1863,497746,25-JUN-2006,
INGVYSYABK,EQ,107.5,107.5,100.5,102,102.25,100.9,2004,204657.95,25-JUN-2006,
INOXLEISUR,EQ,133.1,134.75,130,132.5,133.7,132.2,21436,2838786.75,25-JUN-2006,
INVSTSMART,EQ,144.9,144.9,134.5,138,139,137.4,2487,346100.6,25-JUN-2006,
IOB,EQ,85.9,87,83.15,84.1,84,85.85,53063,4516634.15,25-JUN-2006,
IOC,EQ,406.8,415,403,406.1,407,406.8,7652,3111605.65,25-JUN-2006,
IPCALAB,EQ,270,270,256,259.1,258.5,257.3,3262,846834.05,25-JUN-2006,
IPCL,EQ,270.9,270.9,263.45,268.55,269,264.9,557754,149316043.05,25-JUN-2006,
ISPATIND,EQ,14.75,15.3,14.6,15.05,15.15,14.1,876182,13169828.4,25-JUN-2006,
ISPATIND,P1,1.8,2.25,1.8,2.05,2.1,1.95,2160,4437,25-JUN-2006,
ITC,EQ,173.45,174,171.05,171.75,171.45,170.8,531172,91429463.45,25-JUN-2006,
ITDCEM,EQ,725,759,725,735.9,740,738.85,32,23549,25-JUN-2006,
ITI,EQ,52.9,57.35,52.2,56.45,56.35,52.1,1546882,86792875.15,25-JUN-2006,
IVC,EQ,122,127,122,126.15,126.1,121.1,773,96916.95,25-JUN-2006,
IVRCLINFRA,EQ,233.9,237.4,231.5,233.1,232,233,172502,40342478.55,25-JUN-2006,
J&KBANK,EQ,393,393,381,391.15,391.5,382.15,72,28132,25-JUN-2006,
JAGRAN,EQ,204.2,209.55,204.1,207.55,205.8,205.5,889,183722.9,25-JUN-2006,
JAGSNPHARM,EQ,22.15,22.3,22.05,22.2,22.25,22.7,1650,36638.25,25-JUN-2006,
JAICORPLTD,BE,349.8,349.8,343,347.9,347.9,346.1,112,39003.8,25-JUN-2006,
JAYAGROGN,EQ,53,54,52.35,53.1,52.85,53.7,1432,75978.2,25-JUN-2006,
JAYPEEHOT,EQ,75.7,75.7,71.4,72.85,73.5,72.25,1049,76779.85,25-JUN-2006,
JAYSREETEA,EQ,122,122,117.5,118.5,119.5,117.05,7158,849254.95,25-JUN-2006,
JBCHEPHARM,EQ,93.1,96,93.1,94.8,94,95.65,1637,155277.7,25-JUN-2006,
JBFIND,EQ,80.8,83.7,79,80.05,79.3,78.05,8181,655298.25,25-JUN-2006,
JCTELEC,EQ,4.05,4.05,4.05,4.05,4.05,4.2,100,405,25-JUN-2006,
JENSONICOL,EQ,5.7,5.7,5.7,5.7,5.7,5.9,900,5130,25-JUN-2006,
JETAIRWAYS,EQ,695,695,677.05,682.2,678,692.55,15558,10618735,25-JUN-2006,
JIKINDS,EQ,1.45,1.45,1.45,1.45,1.45,1.4,1,1.45,25-JUN-2006,
JINDALDRIL,BE,290,290,280,285.5,290,290.8,165,47108.5,25-JUN-2006,
JINDALPHOT,EQ,96,99.8,96,98.3,98,94.95,11956,1174239.8,25-JUN-2006,
JINDALPOLY,EQ,166,170.9,164.55,168.95,168,162.75,1223,205676.95,25-JUN-2006,
JINDALSAW,EQ,277,279.85,271.1,278.35,278.05,269.5,11438,3168734.05,25-JUN-2006,
JINDALSTEL,EQ,1500,1500,1400,1431.05,1430,1403,2322,3311648.15,25-JUN-2006,
JISLJALEQS,EQ,218.7,218.7,210.55,211.95,212.8,210.55,1029,218681.7,25-JUN-2006,
JKCEMENT,EQ,155,162,155,158.25,158,159.35,3152,501205.3,25-JUN-2006,
JKINDUSTRY,EQ,88,88,85.65,86,86,86.65,403,34603.8,25-JUN-2006,
JKLAKSHMI,EQ,113,115.75,112,114.55,115.75,112.5,17862,2032688.3,25-JUN-2006,
JKPAPER,EQ,47.25,47.25,45.2,46.1,46.1,45.4,3274,150752.3,25-JUN-2006,
JPASSOCIAT,EQ,399.9,400,384.1,389.8,386.6,393.95,44337,17356029.55,25-JUN-2006,
JPHYDRO,EQ,25.6,26,25.6,25.8,25.7,25.5,83717,2158236.95,25-JUN-2006,
JSTAINLESS,EQ,99.9,99.9,94.5,96.5,95.9,96.15,119190,11449432.35,25-JUN-2006,
JSWSTEEL,EQ,274,280,270,274.05,270,269.85,40086,11019043.2,25-JUN-2006,
JUBILANT,EQ,229,235,223.1,226.4,223.1,222.05,220460,50949992.55,25-JUN-2006,
JYOTISTRUC,EQ,404,406,398,400.05,398,406.95,1281,513209.25,25-JUN-2006,
KABRAEXTRU,EQ,92,109.8,92,109.45,109.8,91.5,8792,944618.65,25-JUN-2006,
KAJARIACER,EQ,46.5,46.5,45.6,45.95,45.75,44.15,12247,564553.3,25-JUN-2006,
KAKATCEM,EQ,95.85,97.7,95,97.3,97.5,94.1,13160,1276122.95,25-JUN-2006,
KALECONSUL,EQ,101,107,101,104.7,106,105.15,4972,517486,25-JUN-2006,
KALPATPOWR,EQ,698.8,698.8,680,687.2,693,680.85,2933,2018798.2,25-JUN-2006,
KAMATHOTEL,EQ,147,149.5,142,145.5,148.75,145,3702,538540.15,25-JUN-2006,
KANORICHEM,EQ,94,97.45,94,97.2,97,93.8,53,5138,25-JUN-2006,
KARURVYSYA,EQ,599.85,599.85,565,570.25,569.9,575.3,5724,3272176.2,25-JUN-2006,
KCP,EQ,175,175.2,174.05,175.2,175.2,166.85,2797,489769.4,25-JUN-2006,
KCPSUGIND,EQ,54.85,55,52.05,52.85,52.05,53.85,103453,5516665.2,25-JUN-2006,
KEC,EQ,319,319,286,299.85,299.05,284.65,6361,1897297,25-JUN-2006,
KECINFRA,EQ,27.4,27.5,27.4,27.5,27.5,26.15,7875,216487.5,25-JUN-2006,
KEI,EQ,298,305,290,295.85,296,292.35,5533,1651098.6,25-JUN-2006,
KERNEX,EQ,184.8,184.8,180.25,182.45,182.1,183.6,2222,404175.75,25-JUN-2006,
KESORAMIND,EQ,225,229.6,225,227.35,229.3,225,14141,3216887.45,25-JUN-2006,
KHAITANELE,EQ,127.05,127.05,127.05,127.05,127.05,121,27,3430.35,25-JUN-2006,
KHAITANLTD,EQ,26.55,26.6,24.25,26.5,26.6,25.45,1297,34139.25,25-JUN-2006,
KHANDSE,EQ,30.95,30.95,30,30.25,30,28,35,1059.5,25-JUN-2006,
KIL,EQ,33,33.05,33,33.05,33.05,31.45,5508,182009.4,25-JUN-2006,
KINETICMOT,EQ,50.1,50.1,50,50.05,50,50.95,901,45110,25-JUN-2006,
KIRLOSOIL,EQ,194,199,191.4,195.25,199,193.9,3356,653195.2,25-JUN-2006,
KITPLYIND,EQ,11.75,11.9,11,11.65,11.6,11.45,24059,277381.45,25-JUN-2006,
KKCL,EQ,198,207.65,198,204.65,205.7,198.9,3592,734751.5,25-JUN-2006,
KLGSYSTEL,EQ,125,126.4,120.25,123.9,124,123.95,8595,1066950,25-JUN-2006,
KOJAMFIN,EQ,141,159.55,141,153.15,146,154.55,61,9324.95,25-JUN-2006,
KOPRAN,EQ,42.2,43.6,40.25,40.9,40.9,41.55,5561,228351.5,25-JUN-2006,
KOTAKBANK,EQ,244.9,248.7,244,244.85,244.5,241.3,14061,3447670.85,25-JUN-2006,
KOTARISUG,EQ,24,24.35,24,24.35,24.35,23.15,50574,1230351.9,25-JUN-2006,
KOTHARIPET,EQ,4.45,4.45,4.45,4.45,4.45,4.65,1000,4450,25-JUN-2006,
KOTHARIPRO,EQ,513.35,513.35,513.35,513.35,513.35,488.9,1,513.35,25-JUN-2006,
KPIT,EQ,405,405,393.5,402.2,403.1,405,76,30749.5,25-JUN-2006,
KRBL,EQ,121.4,121.85,117,121.85,121.85,116.05,22206,2704749.45,25-JUN-2006,
KRISHNAENG,BE,5.8,5.8,5.3,5.3,5.3,5.55,500,2700,25-JUN-2006,
KSBPUMPS,EQ,420,424,420,423.5,424,422.6,80,33880,25-JUN-2006,
KTKBANK,EQ,91.9,94.1,91.05,92.4,91.05,91.9,97792,9041947.85,25-JUN-2006,
LAKSHVILAS,EQ,114,117,111.25,113.15,112,115.75,31394,3583320,25-JUN-2006,
LANABS,EQ,122,122,122,122,122,122.9,9,1098,25-JUN-2006,
LAXMIMACH,EQ,20325,20325,19753,20041.95,20050,19673.4,8,160618.8,25-JUN-2006,
LCCINFOTEC,EQ,0.7,0.7,0.65,0.7,0.7,0.65,7005,4853.5,25-JUN-2006,
LGBROS,EQ,28,28.5,27.25,27.4,27.95,27.65,3512,97468.3,25-JUN-2006,
LIBERTSHOE,EQ,171,174.4,170.1,171.05,170.1,169.35,1634,280252.75,25-JUN-2006,
LICHSGFIN,EQ,166,166,161.25,161.8,161.9,160.9,11135,1804549.55,25-JUN-2006,
LLOYDELENG,EQ,150.05,153,150.05,152.25,153,148.45,2650,403409.75,25-JUN-2006,
LLOYDFIN,EQ,1.4,1.5,1.4,1.45,1.4,1.4,16030,23534.5,25-JUN-2006,
LLOYDSTEEL,EQ,10.6,10.9,10.45,10.65,10.7,10.25,258097,2750128.7,25-JUN-2006,
LML,EQ,21.9,22.45,21.4,22,22.1,21.35,82437,1807998.55,25-JUN-2006,
LOKESHMACH,EQ,157.7,157.7,150,151.7,151,152,2258,343868.8,25-JUN-2006,
LT,EQ,2165,2209,2165,2179.95,2175,2171.85,37875,82861210.85,25-JUN-2006,
LUMAXAUTO,EQ,58.25,58.25,57,57.9,57,58.2,479,27731.75,25-JUN-2006,
LUMAXIND,EQ,144,149.85,144,146.3,149.5,143.1,7779,1143999.95,25-JUN-2006,
LUPIN,EQ,999.4,1005,981,988.75,981.1,979.9,1395,1379877.15,25-JUN-2006,
LYKALABS,EQ,38.2,40.5,35,39.6,40.2,39.3,1927,76099.25,25-JUN-2006,
M&M,EQ,585,592,575,579.05,576,580.15,47672,27688892.5,25-JUN-2006,
M&MFIN,EQ,198.95,198.95,192,194.45,197.9,196.95,1569,305026.1,25-JUN-2006,
MAARSOFTW,EQ,4.05,4.2,3.9,4.1,4.2,4,35415,144738.75,25-JUN-2006,
MACMILLAN,EQ,377.85,405,377.85,397.3,399,390,90,35758.5,25-JUN-2006,
MADRASCEM,EQ,2230,2348,2230,2308.15,2335,2281.9,389,894645.4,25-JUN-2006,
MADRASFERT,EQ,12.65,12.7,12.25,12.55,12.65,12.55,5751,72322.2,25-JUN-2006,
MAGMA,EQ,146,155,146,150.35,155,151.8,3,451,25-JUN-2006,
MAHABANK,EQ,20.5,21.7,20.5,21.45,21.6,21.2,27860,596212,25-JUN-2006,
MAHAVIRSPG,EQ,315,315,304.95,306,304.95,303.65,90,27765.5,25-JUN-2006,
MAHINDUGIN,EQ,129,132.4,126,129.8,130,128.15,2456,318081.9,25-JUN-2006,
MAHSCOOTER,EQ,300,312.4,300,312.4,312.4,301.3,54,16842,25-JUN-2006,
MAHSEAMLES,EQ,311,325,311,320.7,319,312.6,7519,2400542.85,25-JUN-2006,
MALUPAPER,EQ,16.25,16.8,15.55,15.65,16,15.95,1100,17650,25-JUN-2006,
MALWACOTT,BE,125,128,125,126,125.75,123.8,2331,293704.25,25-JUN-2006,
MANALIPET,EQ,14.75,14.75,14.1,14.3,14.2,14.4,19258,275538.5,25-JUN-2006,
MANGLMCEM,EQ,164.9,168,161.05,164.6,161.9,163.1,25519,4219151.8,25-JUN-2006,
MANGTIMBER,EQ,19.45,19.5,18.15,19.4,19.45,18.55,11378,219380.6,25-JUN-2006,
MANINDS,EQ,208,208,202.1,204.2,205,199.05,1149,234775.25,25-JUN-2006,
MARALOVER,EQ,23,23,22.6,22.65,22.65,22.55,352,7966,25-JUN-2006,
MARICO,EQ,430,450,426.05,440.8,440,432.45,1583,696211.35,25-JUN-2006,
MARKSANS,EQ,122.55,127.8,122.55,125.6,125.4,126.15,7903,987584.6,25-JUN-2006,
MARUTI,EQ,775,786.9,770.1,776.85,770.1,773.1,71389,55615738.6,25-JUN-2006,
MASTEK,EQ,353,353,343.05,347.75,347.5,352.45,758,263966.05,25-JUN-2006,
MATRIXLABS,EQ,256,262,250,254.3,253.8,250.85,177489,45052778.35,25-JUN-2006,
MAX,EQ,800,810,795.1,801.5,810,816.9,17,13610.4,25-JUN-2006,
MCDOWELL-N,EQ,455,460,451.05,454.5,454.95,449,25700,11701873.5,25-JUN-2006,
MCLEODRUSS,EQ,104,107.45,104,105,104.1,103.05,11008,1160159.55,25-JUN-2006,
MEDIAVIDEO,EQ,34.6,34.6,34,34.05,34,33.9,8974,305699.2,25-JUN-2006,
MELSTAR,EQ,10.25,10.25,9.75,10.05,10.15,9.85,500,5030,25-JUN-2006,
MICO,EQ,2720,2748,2720,2742.85,2735,2749.65,13,35545,25-JUN-2006,
MICRO,EQ,332,340,332,334.3,332,337.75,220,73679.2,25-JUN-2006,
MID-DAY,EQ,57.25,57.9,56.5,57.05,56.9,56.4,30867,1765399.5,25-JUN-2006,
MIRCELECTR,EQ,17.8,17.85,17.4,17.55,17.6,17.5,22252,390995.25,25-JUN-2006,
MIRZATAN,EQ,141.1,141.1,140,140.2,140.2,140.15,1125,157818,25-JUN-2006,
MLL,EQ,36.8,36.8,35,35.85,35.65,34.9,52920,1892654,25-JUN-2006,
MONNETISPA,EQ,201.45,201.45,196.2,198.45,197.5,195.55,1051,208155.65,25-JUN-2006,
MONSANTO,EQ,1396,1397,1375.05,1391.9,1375.05,1371.1,29,40365.25,25-JUN-2006,
MOREPENLAB,EQ,8.5,8.55,8.3,8.45,8.4,8.1,153773,1304275.6,25-JUN-2006,
MORGANSTAN,EQ,34.9,34.9,33.85,34.55,34.25,34.25,24375,841496.1,25-JUN-2006,
MOSERBAER,EQ,181.75,182,180,180.65,180.1,179.9,798,144301.1,25-JUN-2006,
MOTHERSUMI,EQ,82.1,88,82.1,86.05,86,88.1,44,3769.4,25-JUN-2006,
MOTOGENFIN,EQ,32.1,32.1,31.5,31.55,31.5,32.1,7412,233944,25-JUN-2006,
MPHASISBFL,EQ,154.9,154.9,152.25,153.5,153.8,152.95,18268,2806799.1,25-JUN-2006,
MRF,EQ,2499,2550,2456,2512.1,2510,2479.3,79,197790.1,25-JUN-2006,
MRO-TEK,EQ,75.8,76.65,73.6,74.45,74.25,74.4,51247,3836216.2,25-JUN-2006,
MRPL,EQ,38.5,39.6,37.1,37.9,38.1,37.3,178749,6765772.05,25-JUN-2006,
MSKPROJ,EQ,77.1,77.1,77.1,77.1,77.1,73.4,1328,102388.8,25-JUN-2006,
MSPL,EQ,11.05,11.6,10.5,11.05,10.75,11.05,21966,237890.35,25-JUN-2006,
MTNL,EQ,164,166.95,162.1,163.35,162.1,164.25,320520,52530554.9,25-JUN-2006,
MUKANDENGG,EQ,23.75,26.2,23.75,26.15,26.15,24.95,2744,71436.6,25-JUN-2006,
MUKANDLTD,EQ,86,88.1,82.1,86.75,85.55,85.75,42320,3662844.75,25-JUN-2006,
MUKTAARTS,EQ,37,38.9,36.65,36.95,38.9,37.8,158,5838.2,25-JUN-2006,
MUNJALSHOW,EQ,334,340,333,338.1,340,342.7,194,65044.5,25-JUN-2006,
MURUDCERA,EQ,84,88.6,84,86.65,85,84.4,6663,580238.2,25-JUN-2006,
MYSORECEM,EQ,44.75,45,43.95,44.05,44.1,43.75,135398,5981855.6,25-JUN-2006,
NAGARCONST,EQ,266,267.9,262.05,263.8,264,258.55,52550,13897397.15,25-JUN-2006,
NAGARFERT,EQ,11.25,11.95,11.25,11.8,11.85,11.8,236069,2792367,25-JUN-2006,
NAGPURENG,EQ,14.4,14.6,14.4,14.4,14.4,14,3050,43930,25-JUN-2006,
NAGREEKA,EQ,92.5,92.6,92.4,92.45,92.6,88.15,805,74445,25-JUN-2006,
NAHAREXP,EQ,74.1,74.9,72.55,74.15,74.5,73.75,4083,302199.6,25-JUN-2006,
NAHARINDUS,EQ,162.2,164.9,162.2,164.65,163,162.75,5835,960502.4,25-JUN-2006,
NAHARSPG,EQ,213.1,214.95,213,213.5,214.95,214.45,223,47610.75,25-JUN-2006,
NANDAN,EQ,14.05,14.45,14.05,14.25,14.3,14.05,650,9266.35,25-JUN-2006,
NARMDCHEMA,EQ,35.5,35.5,30.25,30.8,30.75,30,3182,98562.1,25-JUN-2006,
NATCOPHARM,EQ,107,107.5,105.6,106.55,105.6,106.35,1845,196967.3,25-JUN-2006,
NATIONALUM,EQ,237,238.7,231.5,233.4,232.6,236.7,76689,18001489,25-JUN-2006,
NATNLSTEEL,EQ,23.55,25,23.35,24.5,24.5,23.35,38915,946645.25,25-JUN-2006,
NAVBARFERO,EQ,103.55,103.55,99.1,101.45,100.7,98.65,49597,5046542.55,25-JUN-2006,
NAVNETPUBL,EQ,287.65,303,282.2,296.8,303,297.45,430,126525.5,25-JUN-2006,
NDTV,EQ,187,187,174,182.8,181.25,183.65,24195,4444141.8,25-JUN-2006,
NECLIFE,EQ,136,140.9,136,140.9,140.9,134.15,7922,1109935.1,25-JUN-2006,
NELCO,EQ,90,91,89,91,90.9,86.65,9433,857565.35,25-JUN-2006,
NEOCURTHER,EQ,1.1,1.1,1.1,1.1,1.1,1.1,418,459.8,25-JUN-2006,
NEPCMICON,BE,21.8,22,20.8,21.65,21.75,20.95,16831,364424,25-JUN-2006,
NEYVELILIG,EQ,67.8,69.1,66.55,67,67.1,67.95,270601,18239265,25-JUN-2006,
NICCOCORP,EQ,14.35,14.7,14.2,14.55,14.4,14.25,11551,168009.2,25-JUN-2006,
NICOLASPIR,EQ,195,198.5,193,193.85,193.5,190.5,23548,4571914.35,25-JUN-2006,
NIFTYBEES,EQ,281,319.99,281,310.45,314,308.22,23,7110.99,25-JUN-2006,
NIITLTD,EQ,350,350,350,350,350,349.8,6,2100,25-JUN-2006,
NIITTECH,EQ,168,168,165.75,166.65,166.7,163.95,7725,1287526.2,25-JUN-2006,
NILKAMPLST,EQ,176,178.5,172,174.05,177,170.05,1725,300580,25-JUN-2006,
NIPPOBATRY,EQ,367,367,367,367,367,359.75,100,36700,25-JUN-2006,
NIRMA,EQ,410,418.45,390.5,410.3,410,408.5,1276,524424.2,25-JUN-2006,
NITCO,EQ,173.3,178,170,171.4,171.6,170.8,3752,646972,25-JUN-2006,
NITINSPIN,EQ,12.55,13,12.55,12.9,12.7,12.85,1775,22800.5,25-JUN-2006,
NOCIL,EQ,23.1,23.4,22.3,22.85,22.9,22.5,77972,1778956.65,25-JUN-2006,
NOIDATOLL,EQ,41.8,42.2,41.1,41.4,41.4,41,26565,1104143.35,25-JUN-2006,
NOVOPANIND,BE,53.9,53.95,52.25,52.65,53,51.5,1015,53434.5,25-JUN-2006,
NRC,EQ,24.5,25.7,24.3,25.3,25.05,25.3,8587,216294.15,25-JUN-2006,
NSIL,EQ,300,310,300,309.05,310,300,21,6490,25-JUN-2006,
NTPC,EQ,116.9,116.9,114.55,115.35,114.55,115.1,149153,17242568.3,25-JUN-2006,
NUCHEM,EQ,8.6,8.85,8.6,8.8,8.85,8.4,18904,164330.05,25-JUN-2006,
NUCLEUS,EQ,292,293,292,292.2,293,292.5,25,7305,25-JUN-2006,
NUMERICPW,EQ,324.8,324.8,300.05,304.3,300.05,314.8,603,183529.8,25-JUN-2006,
OCL,EQ,151.95,151.95,148,148,148,143.8,2,299.95,25-JUN-2006,
OENCONNECT,EQ,363,363,363,363,363,355,10,3630,25-JUN-2006,
OILCOUNTUB,EQ,15.35,16,15.3,15.75,16,15.35,4551,71765.35,25-JUN-2006,
OMAXAUTO,EQ,75,79.85,75,78.85,78.85,78.85,5765,453187.15,25-JUN-2006,
ONGC,EQ,1129,1137.4,1096.35,1113.55,1106.95,1100.4,129114,144293587.1,25-JUN-2006,
ONWARDTEC,EQ,57.9,57.95,55.3,56.05,55.35,56.05,2500,140671.25,25-JUN-2006,
OPTOCIRCUI,EQ,384.7,399.15,382,385.55,383.25,380.15,17225,6674180.8,25-JUN-2006,
ORCHIDCHEM,EQ,198,199.75,195.6,197.55,197.2,196.75,75021,14824244.6,25-JUN-2006,
ORIENTABRA,EQ,19.05,19.3,19.05,19.3,19.3,19.2,400,7670,25-JUN-2006,
ORIENTBANK,EQ,175,175,171.6,172.25,172,169.8,76641,13243759.55,25-JUN-2006,
ORIENTHOT,EQ,350,350,325.05,345,345,338,5,1710.05,25-JUN-2006,
ORIENTINFO,EQ,18.4,18.5,17.65,18,17.85,17.95,3041,54842.75,25-JUN-2006,
ORIENTPPR,EQ,355,369,355,366.5,369,358,2015,737840.9,25-JUN-2006,
OUDHSUG,EQ,136,136.2,132.1,133.05,133.35,133.65,7063,942008.6,25-JUN-2006,
PAEL,BE,14.35,14.35,14.35,14.35,14.35,14.7,29,416.15,25-JUN-2006,
PANACEABIO,EQ,290.9,315,290.75,308.8,311,285.55,7811,2387150.35,25-JUN-2006,
PANTALOONR,EQ,1462.05,1499,1462,1486.9,1483,1470.95,213,317434.3,25-JUN-2006,
PAPERPROD,EQ,315,333,311,322.1,315.1,313.65,1238,398747.4,25-JUN-2006,
PARADYNE,EQ,57,59,57,58,57.8,58.4,2187,126927.55,25-JUN-2006,
PAREKHPLAT,EQ,6,6,6,6,6,6.15,100,600,25-JUN-2006,
PASUPATI,EQ,6.55,6.75,6.55,6.65,6.75,6.1,1375,9116.25,25-JUN-2006,
PATELENG,EQ,337.25,341.7,337.25,341.7,341.7,325.4,5050,1720114.65,25-JUN-2006,
PATNI,EQ,325,325,319.3,321.15,320.05,319.4,3337,1072254.5,25-JUN-2006,
PATSPINLTD,EQ,15.75,17.35,15.75,16.9,17,16.4,1212,20505,25-JUN-2006,
PAVCI,EQ,12.2,12.2,12.2,12.2,12.2,11.6,2010,24522,25-JUN-2006,
PBAINFRA,EQ,104.95,106.9,97,106.9,106.9,101.8,8479,905338.2,25-JUN-2006,
PDUMJEPULP,EQ,68,68,62.9,64.5,64.95,64.5,1177,76663.1,25-JUN-2006,
PEARLGLOBL,EQ,85,85.05,85,85.05,85.05,81,160,13605.75,25-JUN-2006,
PEARLPOLY,EQ,14.45,14.45,14.15,14.35,14.15,13.3,3,43,25-JUN-2006,
PENINLAND,EQ,422.6,422.6,422.6,422.6,422.6,402.45,235,99311,25-JUN-2006,
PENTACOMMU,EQ,1.4,1.45,1.4,1.4,1.4,1.45,58931,83149.4,25-JUN-2006,
PENTSFWARE,EQ,4.3,4.45,4.3,4.4,4.4,4.35,71583,313462.4,25-JUN-2006,
PEPL,BE,3.3,3.35,3.25,3.3,3.35,3.25,3350,11047.5,25-JUN-2006,
PETRONENGG,BE,156.1,159.5,156.1,158.15,158.15,159,1257,198755.25,25-JUN-2006,
PETRONET,EQ,46.5,46.5,45.55,46.05,46,45.7,73772,3402701.85,25-JUN-2006,
PFIZER,EQ,773,780,760.05,774,772,769.15,759,587095.05,25-JUN-2006,
PFOCUS,EQ,326.65,326.65,316,318,316,319,16927,5404294.4,25-JUN-2006,
PGHH,EQ,893.45,893.45,803.3,817.95,820,798.9,183,153313.6,25-JUN-2006,
PHILCORP,EQ,4.7,4.7,4.7,4.7,4.7,4.45,600,2820,25-JUN-2006,
PHILIPCARB,EQ,49.55,49.55,47.3,48.45,49,47.2,1100,53354.15,25-JUN-2006,
PHOENIXLMP,BE,129.25,132,129.25,131.05,130,126.95,17475,2282151.85,25-JUN-2006,
PIDILITIND,EQ,96.9,96.9,94.5,95.2,94.55,94.95,5744,547834.75,25-JUN-2006,
PIONEEREMB,EQ,61.25,72.5,60,71.95,72,70.55,211,13861.9,25-JUN-2006,
PIRAMYDRET,EQ,109,114,108,112.25,112.3,106.25,100163,11161599.75,25-JUN-2006,
PLETHICO,EQ,302.5,302.5,295,297.4,295.1,297.9,294,87500.45,25-JUN-2006,
PNB,EQ,325.9,329.9,320.1,321.6,321.5,324.5,87368,28207229.35,25-JUN-2006,
PNBGILTS,EQ,16.5,17.45,16.4,16.85,17.35,16.85,2794,46954.1,25-JUN-2006,
PNC,EQ,42,42,40,41,40.95,38.6,6731,274067.4,25-JUN-2006,
POLARIS,EQ,75.95,77.4,75.6,76.6,76.8,75.95,63387,4855743.45,25-JUN-2006,
POLYPLEX,EQ,110.85,116,110.85,114.6,115,114.45,3056,348002.6,25-JUN-2006,
PONNIERODE,EQ,69.1,70.55,68.5,69.6,69.95,69.25,2889,201147.1,25-JUN-2006,
PRAJIND,EQ,169.8,172,163.05,164.8,163.6,164.65,64006,10622348.7,25-JUN-2006,
PRAKASH,BE,41.35,42.15,41.1,41.9,42,41.75,17794,744160.25,25-JUN-2006,
PRATIBHA,EQ,216,216.6,208.1,210.5,210.3,209.2,31367,6614736.15,25-JUN-2006,
PRECOTMILL,EQ,293,293,291.5,292.1,291.5,295.9,60,17527.5,25-JUN-2006,
PREMIER,EQ,30.5,31,30.35,30.55,30.75,30.15,3424,104896.9,25-JUN-2006,
PRICOL,EQ,35.25,35.3,34.55,34.85,34.8,34.6,10746,375481.5,25-JUN-2006,
PRIMESECU,EQ,36.9,36.9,35.45,36,35.9,35.7,4125,148913.5,25-JUN-2006,
PRISMCEM,EQ,29,29.95,29,29.35,29.25,28.85,184709,5430484.55,25-JUN-2006,
PRITHVI,EQ,335.1,344.3,330.2,341.35,342,334.4,3022,1020920,25-JUN-2006,
PROVOGUE,EQ,238.9,239.3,238.9,239.3,239.3,227.9,2474,591993.7,25-JUN-2006,
PSL,EQ,236,237,236,236,237,233,202,47674,25-JUN-2006,
PTC,EQ,57,57,55.2,55.6,55.25,55.15,7342,409265.2,25-JUN-2006,
PUNJABTRAC,EQ,215,220,215,216.4,215,213.45,3423,743462.15,25-JUN-2006,
PUNJLLOYD,EQ,779,792,775,781.55,779,773.9,12012,9399524.35,25-JUN-2006,
PVR,EQ,215,221,212.05,218.05,221,215.45,401,87180.85,25-JUN-2006,
QUINTEGRA,EQ,63,63,61,63,63,60,413,25419,25-JUN-2006,
RADAAN,EQ,5.2,5.2,4.85,5.1,5.15,5,2251,11489.15,25-JUN-2006,
RADICO,EQ,172,172,145,148.2,147,147.8,8938,1333813.05,25-JUN-2006,
RAINCALCIN,EQ,36.3,36.65,35.6,36.4,36.3,35.7,39985,1450408.85,25-JUN-2006,
RAJASSPG,EQ,105.25,105.25,105.25,105.25,105.25,106.35,400,42100,25-JUN-2006,
RAJESHEXPO,EQ,201.1,201.1,201,201.1,201.1,191.5,1919,385765.9,25-JUN-2006,
RAJSREESUG,EQ,134.95,135.7,132.25,135.65,135.7,129.2,18064,2445536,25-JUN-2006,
RALLIS,EQ,347,347,332.55,337.9,337,324.05,9934,3378322.55,25-JUN-2006,
RAMANEWSPR,EQ,10.2,10.5,10.2,10.35,10.35,10.35,21559,223628,25-JUN-2006,
RAMCOIND,EQ,1325,1325,1325,1325,1325,1287.65,2,2650,25-JUN-2006,
RAMCOSYS,EQ,168.35,172.5,165,171.75,172,168.4,1452,248617.2,25-JUN-2006,
RANASUG,EQ,27.65,28,27,27.2,27,26.8,46552,1275874.5,25-JUN-2006,
RANBAXY,EQ,390,395.35,385.55,391.15,391.5,385.55,309696,121398523.85,25-JUN-2006,
RANEBRAKE,EQ,209.45,209.45,179.5,194.4,194,194,272,54131.5,25-JUN-2006,
RANEHOLDIN,EQ,166.9,166.9,166.9,166.9,166.9,159.5,1,166.9,25-JUN-2006,
RATNAMANI,EQ,359,364,347,353.65,364,347.95,99,35010,25-JUN-2006,
RAYMOND,EQ,410,413.4,405,409.75,410.95,409.65,2212,905556.95,25-JUN-2006,
RCAPVL,EQ,25.6,25.8,25.2,25.5,25.3,25.25,453114,11568135.15,25-JUN-2006,
RCF,EQ,38.7,38.8,37.9,38.8,38.8,36.95,119463,4623635.75,25-JUN-2006,
RCVL,EQ,254.8,258.4,250.3,252.55,250.6,252.1,382648,97096390.25,25-JUN-2006,
REIAGRO,EQ,118.1,128.7,117.5,127.9,128.7,117,802684,101739666.45,25-JUN-2006,
REL,EQ,473,473,459,462,460.1,465,25560,11873012.65,25-JUN-2006,
RELCAPITAL,EQ,518,527,516.05,522.15,518,515.2,640521,335088590.3,25-JUN-2006,
RELIANCE,EQ,1010,1024,1002.1,1007.2,1004,1011.9,835543,842881018.8,25-JUN-2006,
RENUKA,EQ,895,895,863,872.05,872.05,881.9,2567,2254674.25,25-JUN-2006,
RENVL,EQ,35,35,33.6,33.85,33.6,33.8,102662,3489689.15,25-JUN-2006,
REPRO,EQ,108,108.4,106,107,107.7,103.75,1500,160649,25-JUN-2006,
REVATHI,EQ,750,750,715,722.65,721,721.85,844,613265.3,25-JUN-2006,
REVL,EQ,420,420,420,420,420,409,1,420,25-JUN-2006,
RICOAUTO,EQ,78,78,76.5,76.9,76.7,76.15,11967,921149.75,25-JUN-2006,
RIIL,EQ,519,523.3,519,523.3,523.3,498.35,5843,3042591.9,25-JUN-2006,
RKFORGE,EQ,92.5,98,91.9,93.2,93.3,95.25,19046,1792827.1,25-JUN-2006,
RML,EQ,108,108,108,108,108,108.5,351,37908,25-JUN-2006,
RNRL,EQ,20.55,20.8,20.25,20.4,20.5,20.15,865043,17632831.4,25-JUN-2006,
ROHITFERRO,EQ,58.3,58.4,57.5,57.8,57.5,55.6,33197,1926605.05,25-JUN-2006,
ROHLTD,EQ,139,142,137,138.8,137.2,139.2,4016,559987.6,25-JUN-2006,
ROLTA,EQ,153,155.9,151,153.05,152,152.05,107957,16582624,25-JUN-2006,
RPGCABLES,EQ,27.65,29.05,27.65,28.95,29,27.65,193,5588.65,25-JUN-2006,
RPL,EQ,64.5,65,64.15,64.35,64.15,64.55,318531,20522459.35,25-JUN-2006,
RSSOFTWARE,EQ,57.25,62.9,57.25,62.05,61.05,60.25,2307,143173.25,25-JUN-2006,
RSYSTEMS,EQ,165,181,161,177.45,175,160.2,99113,17269479.9,25-JUN-2006,
RUCHINFRA,EQ,21,21.8,21,21.55,21.3,21.55,4705,101155,25-JUN-2006,
RUCHISOYA,EQ,277.1,277.1,277,277.05,277,283.9,50,13852,25-JUN-2006,
SABERORGAN,EQ,14.15,14.25,13.45,14.05,14.05,13.65,611,8659.45,25-JUN-2006,
SADBHAV,EQ,323.75,323.8,316.05,323.15,323.8,308.35,34958,11286656.9,25-JUN-2006,
SAELTD,EQ,113.5,113.5,106,109.95,110,108.8,279,30689.85,25-JUN-2006,
SAHPETRO,EQ,15.25,15.25,15,15.05,15.05,14.75,1125,17005,25-JUN-2006,
SAIL,EQ,81,87.4,80,81.8,80.7,79.4,4561414,374858559.5,25-JUN-2006,
SAKHTISUG,EQ,183.95,183.95,175,177.15,176,178.3,35141,6238964.5,25-JUN-2006,
SAKSOFT,EQ,88,88,88,88,88,90.65,5,440,25-JUN-2006,
SAKUMA,EQ,21.5,22,21.5,21.95,22,21.65,1949,42658.05,25-JUN-2006,
SALORAINTL,EQ,94.5,94.5,90.5,91.25,91.85,92.8,665,60943.7,25-JUN-2006,
SALSTEEL,EQ,15.75,15.75,15.25,15.4,15.3,15.9,46103,709863.15,25-JUN-2006,
SAMTEL,EQ,38,38,35.2,37.1,37.35,35.85,8862,325836.15,25-JUN-2006,
SANGAMIND,EQ,70,71,68.7,69.2,69,69.8,1135,78700,25-JUN-2006,
SANGHIIND,EQ,55.65,55.65,55.65,55.65,55.65,53,575,31998.75,25-JUN-2006,
SANGHIPOLY,EQ,11,11.4,10.5,11.4,11.4,9.5,139104,1565756.65,25-JUN-2006,
SANWARIA,EQ,77,77,76.9,77,77,74.2,120,9238,25-JUN-2006,
SAREGAMA,EQ,186.05,187,182.5,186.6,187,186.25,137,25546,25-JUN-2006,
SASKEN,EQ,348,350,307,308.95,307,311.3,914,284461.75,25-JUN-2006,
SATNAMOVER,EQ,74.3,75.8,73.1,74.7,74.8,73.1,48776,3627719.35,25-JUN-2006,
SATYAMCOMP,EQ,712,712,700.25,705.95,703.9,703.95,297282,210233405.2,25-JUN-2006,
SAVITACHEM,EQ,448.7,448.7,448.7,448.7,448.7,422.55,1,448.7,25-JUN-2006,
SB&TINTL,EQ,47,48,46,47.9,47,46.45,4583,218986.95,25-JUN-2006,
SBIN,EQ,770.1,770.1,750,754.1,750.15,762.65,241011,182393987.1,25-JUN-2006,
SCANDENT,EQ,111.5,113,111.45,112.3,112.05,110.8,7892,885741.3,25-JUN-2006,
SCHENHERD,EQ,32,32,31.1,31.8,31.1,32.4,130,4134,25-JUN-2006,
SCI,EQ,141,141.7,136.1,138.4,138.5,141.55,39295,5483458.8,25-JUN-2006,
SEAMECLTD,EQ,147.45,147.45,138.5,140.5,140.2,145.05,122204,17214073.65,25-JUN-2006,
SEARLEIND,EQ,120.7,123,119.35,119.8,121,120.7,569,68283.15,25-JUN-2006,
SESAGOA,EQ,1140,1183.9,1134.05,1140.2,1134.05,1134.75,45185,51903578.9,25-JUN-2006,
SESHAPAPER,EQ,110,110,110,110,110,107.8,10,1100,25-JUN-2006,
SGL,EQ,30.7,31.5,30.3,30.65,30.3,30.65,4570,140151.25,25-JUN-2006,
SHAHALLOYS,EQ,140,145,140,142.55,143,142.25,7151,1019655,25-JUN-2006,
SHANTIGEAR,EQ,68.7,68.7,66,66.65,66.9,66.6,2636,175687.45,25-JUN-2006,
SHASUNCHEM,EQ,74,75.95,73.25,74.95,75,74.55,2016,150623.9,25-JUN-2006,
SHIV-VANI,BE,208.5,208.5,206,206,206,210.95,655,135523.75,25-JUN-2006,
SHOPERSTOP,EQ,495,513.5,480,509.7,510,494.5,378,191829.9,25-JUN-2006,
SHREECEM,EQ,842,850,825,836.6,850,848.2,818,691506.4,25-JUN-2006,
SHREERAMA,EQ,5.6,5.6,5.6,5.6,5.6,5.85,5000,28000,25-JUN-2006,
SHRENUJ,EQ,34.1,38.2,34.1,36.2,36,36.1,2553,93781.3,25-JUN-2006,
SHREYAS,EQ,199.1,205,199.1,203.1,203.5,202.85,401,81194.5,25-JUN-2006,
SHRINGAR,EQ,43,45.2,42.5,43.95,44,42.9,22301,980643.5,25-JUN-2006,
SHRIRAMCIT,EQ,95,112,95,102.6,102.25,110.15,275,28211.25,25-JUN-2006,
SHYAMTELE,EQ,67.4,69,66.6,68.75,69,65.7,90464,6167139.1,25-JUN-2006,
SICAL,EQ,260,264,254,259.1,261,255,5231,1351136.15,25-JUN-2006,
SIEMENS,EQ,924,931,902,910.55,903.15,915,47770,43637127.75,25-JUN-2006,
SIL,EQ,22.4,22.4,21.3,21.85,21.5,21.3,6586,144282.6,25-JUN-2006,
SIMPLEXINF,EQ,1478,1478,1370,1409.1,1370,1420.3,447,633332.9,25-JUN-2006,
SINTEX,EQ,155.15,158,154.25,155.65,158,155.8,902,140030.45,25-JUN-2006,
SIRPAPER,EQ,76.5,76.5,73.5,75.5,76.2,76.1,766,58024.2,25-JUN-2006,
SKFINDIA,EQ,298.9,298.9,288.1,293.85,294,293.25,650,191369.6,25-JUN-2006,
SKMEGGPROD,EQ,20.7,20.7,20,20.4,20,20.3,2065,42326.25,25-JUN-2006,
SKUMARSYNF,EQ,48,50,47.9,49.4,49.2,47.9,223390,10998317.8,25-JUN-2006,
SOFTPRO,EQ,38.9,40.85,38.9,40.2,40,39.15,6425,258491.2,25-JUN-2006,
SOFTSOLINT,EQ,142.8,145.2,141.85,145,143.15,138.25,6703,968839.8,25-JUN-2006,
SOFTTECHGR,EQ,8.05,8.05,8.05,8.05,8.05,7.65,130,1046.5,25-JUN-2006,
SOLAREX,EQ,177,188,177,182.7,181.5,181.7,1707,311359.3,25-JUN-2006,
SOLECTCENT,EQ,158.6,158.6,155,156.85,156,153.1,8355,1308332.3,25-JUN-2006,
SOMATEX,EQ,33.85,36.5,32.1,32.6,32.95,32.05,8698,286239.1,25-JUN-2006,
SONASTEER,EQ,85.5,85.5,83.25,84.05,83.25,83.9,9869,829863,25-JUN-2006,
SONATSOFTW,EQ,23.4,23.4,22.5,23.05,23.15,22.9,34395,791925.5,25-JUN-2006,
SOUTHBANK,EQ,56.3,56.85,56,56.3,56.7,56.25,18918,1065790.5,25-JUN-2006,
SPIC,EQ,22,22.1,21.2,21.5,21.45,21.7,61355,1321948.2,25-JUN-2006,
SPLIL,EQ,46,47.8,46,46.05,46,44.7,2732,126236.5,25-JUN-2006,
SREINTFIN,EQ,44.9,45.85,44.65,45.1,45.2,44.75,209370,9459416.2,25-JUN-2006,
SRF,EQ,216.8,218,209,212.8,209.6,214.5,504846,108394206.95,25-JUN-2006,
SRGINFOTEC,EQ,0.7,0.75,0.7,0.75,0.7,0.7,6700,5015,25-JUN-2006,
SRIADIKARI,EQ,13.8,15,13.8,14.8,14.9,14.5,8457,124964.55,25-JUN-2006,
SRTRANSFIN,EQ,95.1,100,95.1,98.85,99.75,99.35,2111,208130.75,25-JUN-2006,
SSWL,EQ,105.8,105.8,105.8,105.8,105.8,100.75,1020,107916,25-JUN-2006,
STAR,EQ,305,305,287.05,291.15,290,297.15,1085,318642.35,25-JUN-2006,
STARPAPER,EQ,42.05,44,42.05,43.3,43.5,42.75,2480,106707.55,25-JUN-2006,
STCINDIA,EQ,131,132,130,130.45,130.25,130.45,927,121062.9,25-JUN-2006,
STER,EQ,396,409,396,406,403.75,394.75,764377,309482812.65,25-JUN-2006,
STERLINBIO,EQ,106,108,105.2,105.7,106,103.45,2666,282275.2,25-JUN-2006,
STINDIA,EQ,10.4,10.4,10.4,10.4,10.4,9.95,100,1040,25-JUN-2006,
STROPTICAL,EQ,119.4,119.9,117.35,118.8,118.1,117.75,64964,7722357.8,25-JUN-2006,
SUBEX,EQ,444,454.8,437,447.25,446.5,434.5,3207,1436477.55,25-JUN-2006,
SUBHASPROJ,EQ,147,147,143,144.2,143.55,147.65,6173,892791.7,25-JUN-2006,
SUBROS,EQ,190,201,190,199.55,198,195.6,611,121246,25-JUN-2006,
SUNDARMFIN,EQ,375,375,356.9,366.25,365.4,360.85,261,95694,25-JUN-2006,
SUNDRMBRAK,EQ,414.85,414.85,407.95,410.4,412.85,380.75,3,1235.65,25-JUN-2006,
SUNDRMCLAY,EQ,900,955,900,938,938,915.05,211,190335,25-JUN-2006,
SUNDRMFAST,EQ,119.95,121.7,119.95,121.25,120.8,120.05,593,71860.95,25-JUN-2006,
SUNFLAG,EQ,15.5,15.5,14.75,15,15,14.8,168500,2535324.5,25-JUN-2006,
SUNILHITEC,EQ,117.95,118,115.1,115.85,117,113.65,8131,944549.35,25-JUN-2006,
SUNPHARMA,EQ,758.8,758.8,741.5,747,749,748.2,3529,2641775.2,25-JUN-2006,
SUNTV,EQ,980,990,960,975.9,969,976.6,2217,2172443.15,25-JUN-2006,
SUPERSPIN,EQ,379,393.7,374.25,388.15,390.9,378.5,632,244882.9,25-JUN-2006,
SUPPETRO,EQ,21.65,21.65,20.35,20.65,20.9,20.85,2411,50041.8,25-JUN-2006,
SUPRAJIT,EQ,211.7,219,211.7,211.95,219,217.5,31,6570,25-JUN-2006,
SUPREMEIND,EQ,327,327,327,327,327,329.7,600,196200,25-JUN-2006,
SURAJDIAMN,EQ,52.95,53.9,52,53.2,52.8,51.7,22800,1213791.7,25-JUN-2006,
SURANATELE,EQ,27.2,27.2,26.3,26.95,27,26.65,7010,188690.6,25-JUN-2006,
SURYAJYOTI,EQ,36,36.75,36,36.5,36.75,35.1,1850,67525,25-JUN-2006,
SURYALAXMI,EQ,104.9,105,101.1,104.2,104.3,100.85,7063,732540.6,25-JUN-2006,
SURYAPHARM,EQ,91.1,93.25,91.1,92.1,91.65,91.25,6936,638597.1,25-JUN-2006,
SURYAROSNI,EQ,67.5,69.6,67.5,68.95,68.6,67.75,1904,131251.05,25-JUN-2006,
SUTLEJINDS,EQ,144,144,141.5,142.8,142.25,141.5,5774,825031.85,25-JUN-2006,
SUVEN,EQ,64.95,65,64.75,64.95,65,66.55,250,16235,25-JUN-2006,
SUZLON,EQ,938,950,916,930.4,918,933.4,17551,16417488.45,25-JUN-2006,
SWARAJENG,EQ,149.5,149.5,140,143.1,140.2,139.6,1123,160596,25-JUN-2006,
SYNDIBANK,EQ,57.5,58.25,56.9,57.05,57.05,56.75,115676,6629644.65,25-JUN-2006,
TAJGVK,EQ,201,205.9,200,201.7,200,199.85,4090,826492.95,25-JUN-2006,
TATACHEM,EQ,223,224,217,217.75,217,216.6,31393,6848050.45,25-JUN-2006,
TATACOFFEE,EQ,290,326.35,290,326.35,326.35,271.95,3310,1060642.35,25-JUN-2006,
TATAELXSI,EQ,187.95,188.9,185.25,186.8,185.25,186.7,3290,616640.65,25-JUN-2006,
TATAINFO,EQ,189,191,186.3,189.25,191,186.25,21676,4090515.6,25-JUN-2006,
TATAINVEST,EQ,351,351,338,340.1,342.95,340.15,1758,598661.6,25-JUN-2006,
TATAMETALI,EQ,156,163,155,159.75,163,157.45,6846,1093175.9,25-JUN-2006,
TATAMOTORS,EQ,785,799,770.2,775.8,770.5,777.2,112753,87912134.95,25-JUN-2006,
TATAPOWER,EQ,462.8,462.8,447.2,449.7,447.3,451.55,13489,6090245,25-JUN-2006,
TATASPONGE,EQ,114,124.6,114,120.5,120.1,121.35,8168,984513.6,25-JUN-2006,
TATASTEEL,EQ,518.9,535.9,515.5,532.35,529.35,512.6,1695821,898982033.85,25-JUN-2006,
TATATEA,EQ,776.4,776.4,758,760.85,761.05,754.8,34798,26585661.6,25-JUN-2006,
TCS,EQ,1650,1714.9,1650,1700.35,1698.45,1694.85,32940,56066445.45,25-JUN-2006,
TELEDATAIN,EQ,13,13.9,13,13.55,13.5,13.4,209340,2856687.65,25-JUN-2006,
TEXMACOLTD,EQ,629.45,630,629.45,629.9,630,607.55,310,195267.5,25-JUN-2006,
TFCILTD,EQ,11.65,11.65,10.25,11.25,11.15,11.25,12406,139065.8,25-JUN-2006,
THERMAX,EQ,270.7,270.7,260,263.9,264.95,258.8,9524,2513916.45,25-JUN-2006,
THIRUSUGAR,EQ,307.95,322.45,307.95,317.35,321.4,307.9,324,103058.05,25-JUN-2006,
THOMASCOOK,EQ,524,524,508,511.55,512.8,505.85,225,115742.8,25-JUN-2006,
TIL,EQ,212,219.8,212,216.9,217.4,206.95,30,6507,25-JUN-2006,
TIMESGTY,EQ,18,18,18,18,18,17.15,265,4770,25-JUN-2006,
TINPLATE,EQ,72,72,69.65,70.2,70,69.05,2336,164411.65,25-JUN-2006,
TIPSINDLTD,EQ,25.05,25.05,25.05,25.05,25.05,23.9,200,5010,25-JUN-2006,
TIRUMALCHM,BE,136.75,137.95,136.6,137.1,136.6,135.6,883,121081.05,25-JUN-2006,
TITAN,EQ,610.5,620,600.5,606.45,601,603.1,75157,45797924.55,25-JUN-2006,
TITANOCOMP,EQ,213.75,216.75,209,214.1,216.75,209.8,1006,215389,25-JUN-2006,
TNPETRO,EQ,17,17.25,16.75,17,17.05,16.8,8776,149177.25,25-JUN-2006,
TNPL,EQ,96.7,100.9,95.6,99.1,99.45,94.8,26343,2602047.6,25-JUN-2006,
TNTELE,EQ,11,11,11,11,11,11,1150,12650,25-JUN-2006,
TODAYS,EQ,49.6,58.25,43.15,56.4,56.45,48.8,63890,3602031.45,25-JUN-2006,
TOKYOPLAST,EQ,5.95,5.95,5.95,5.95,5.95,5.8,1,5.95,25-JUN-2006,
TORNTPHARM,EQ,195,197.5,192.05,194.05,193,193.25,1137,221347.7,25-JUN-2006,
TORRENTAEC,EQ,183.25,191,183.25,190.6,191,187.9,117,22182,25-JUN-2006,
TORRENTSEC,EQ,408,408,408,408,408,394.4,15,6120,25-JUN-2006,
TRENT,EQ,745,752,732,745.1,732,728.05,50,37254,25-JUN-2006,
TRIGYN,EQ,14.65,15.2,14.65,15.05,15.2,14.85,500,7445,25-JUN-2006,
TRIVENI,EQ,80.8,83.95,80.8,82.35,82,80.75,256323,21175755.1,25-JUN-2006,
TTKPRESTIG,EQ,118,118,109,111.1,112.25,108,2080,232076,25-JUN-2006,
TTML,EQ,21.5,21.6,21,21.05,21.1,21.05,518872,10986473.15,25-JUN-2006,
TUBEINVEST,EQ,82.7,83.65,81,81.35,81.5,80.15,4863,397749.9,25-JUN-2006,
TULIP,EQ,274,274.1,268.3,271.65,272.5,265.4,20810,5653219.65,25-JUN-2006,
TV18,EQ,520,520,500,509.35,504,513.35,4396,2250288.15,25-JUN-2006,
TVSELECT,EQ,42.8,44.8,42.8,44.5,44.8,43.35,801,35462.7,25-JUN-2006,
TVSMOTOR,EQ,109.4,109.4,106,106.55,106.3,105.8,42172,4504476.25,25-JUN-2006,
TVTODAY,EQ,94.5,98,92.35,93.85,94.1,93.4,23225,2190045.85,25-JUN-2006,
UCALFUEL,EQ,112.55,121,112.5,118.75,120,111.9,12433,1466825.95,25-JUN-2006,
UCOBANK,EQ,18,18.3,17.9,18.15,18.2,18.1,93627,1693420.95,25-JUN-2006,
ULTRACEMCO,EQ,706,710,695,698.1,695,713.4,1585,1109204.15,25-JUN-2006,
UMITL,EQ,4.9,5.45,4.9,5.15,5.45,5.15,145,744.95,25-JUN-2006,
UNICHEMLAB,EQ,234,234,234,234,234,234.55,110,25740,25-JUN-2006,
UNIENTER,EQ,24.9,25,23.8,23.8,23.8,24.45,101,2406.1,25-JUN-2006,
UNIONBANK,EQ,95.5,96.5,94.45,94.75,94.6,94.45,21260,2017603.7,25-JUN-2006,
UNIPHOS,EQ,247.15,253.9,247,248.65,247,249.35,925,230034,25-JUN-2006,
UNITECH,EQ,177.9,177.9,177.9,177.9,177.9,169.4,1180,209922,25-JUN-2006,
UNITY,EQ,458,458,446.1,450.75,449,451.95,11041,4997574.65,25-JUN-2006,
UNIVCABLES,EQ,75.2,85.9,75.2,83.9,84,83.7,205,17116.25,25-JUN-2006,
UNIWESTBNK,EQ,23.1,24,22.85,24,23.75,23.75,9312,222029.1,25-JUN-2006,
UPERGANGES,EQ,184,184,174,174.95,174.1,183.15,6473,1144287.4,25-JUN-2006,
US64BONDS,N1,99.6,100.6,99.6,100.6,100.6,100.61,1701,170571.6,25-JUN-2006,
USHAMART,EQ,162.5,162.5,160,160.85,160,159.25,8989,1447820.8,25-JUN-2006,
UTIBANK,EQ,295,295,284,286.45,286,276.45,54705,15750338.3,25-JUN-2006,
UTTAMSTL,EQ,33.05,34.65,32.85,34.3,34.5,32.6,146084,4975648.3,25-JUN-2006,
UTTAMSUGAR,EQ,203,208,200,201.7,201.7,200.1,10360,2094586.95,25-JUN-2006,
UTVSOF,EQ,165.75,169,163.15,164.9,164.6,165.05,867,143505.25,25-JUN-2006,
VAIBHAVGEM,EQ,386.3,386.3,386.3,386.3,386.3,358.1,25,9657.5,25-JUN-2006,
VAKRANSOFT,EQ,150,150,144.5,147.35,147.1,145.6,4997,737654.4,25-JUN-2006,
VARDHACRLC,EQ,6.4,6.45,6.25,6.3,6.35,6.25,9896,62707.3,25-JUN-2006,
VARDMNPOLY,EQ,87,87,87,87,87,85.95,25,2175,25-JUN-2006,
VARUNSHIP,EQ,73.95,74.4,72.65,73.05,73,72.65,19240,1409295.15,25-JUN-2006,
VDOCONAPPL,EQ,29.25,29.5,28.8,29.3,29.25,29.05,2111,61886.35,25-JUN-2006,
VENKEYS,EQ,118,118,115.55,117.9,117.5,115.1,2600,305760.25,25-JUN-2006,
VESUVIUS,EQ,235,240,235,240,240,237.45,105,25175,25-JUN-2006,
VHL,EQ,370,376,370,376,376,400,4,1492,25-JUN-2006,
VIDEOIND,EQ,413,414,400.15,402.15,401.55,401.1,2278,920321.25,25-JUN-2006,
VIJAYABANK,EQ,41.4,41.4,40.35,40.65,40.65,40.7,37111,1508820.9,25-JUN-2006,
VIKASHMET,EQ,15.3,15.3,14.55,14.75,14.55,15.05,8315,123901.35,25-JUN-2006,
VIMTALABS,EQ,155,161,154,158.4,161,155.55,1056,166128.75,25-JUN-2006,
VINYLCHEM,EQ,9.9,9.9,9.9,9.9,9.9,10.3,200,1980,25-JUN-2006,
VIPIND,EQ,97,100,96.6,99.25,98.6,99.65,635,62463,25-JUN-2006,
VISAKAIND,EQ,97,99.5,96.1,98.2,98.9,98.15,5047,493173.95,25-JUN-2006,
VISASTEEL,EQ,27.9,28.2,27.1,27.85,27.7,27.4,114099,3162157.1,25-JUN-2006,
VISESHINFO,EQ,36.7,36.75,36.35,36.75,36.75,35,30382,1114251.25,25-JUN-2006,
VISHALEXPO,EQ,5.7,6,5.7,5.75,5.7,5.8,98655,570792.8,25-JUN-2006,
VISUALSOFT,EQ,85.8,89.9,85.5,88.5,87.5,85.35,390519,34402553.85,25-JUN-2006,
VLSFINANCE,EQ,15.45,15.45,15,15.1,15.1,15.35,6888,104251.25,25-JUN-2006,
VOLTAS,EQ,811,850,804,812.9,809,796.85,3286,2665996.9,25-JUN-2006,
VSNL,EQ,382.4,382.4,370.1,373.25,371,372.75,178564,67049089.05,25-JUN-2006,
WARTSILA,EQ,305.9,306,305.9,305.95,306,299,2,611.9,25-JUN-2006,
WELGUJ,EQ,74.2,75.25,72.3,74.3,75,70.75,57761,4286297.5,25-JUN-2006,
WELSPUNIND,EQ,71.2,74.45,71.2,74,74,71.55,6831,503324.95,25-JUN-2006,
WHEELS,EQ,240,245,240,243.15,245,228.45,30,7295,25-JUN-2006,
WILLAMAGOR,EQ,54,54,51.5,52.55,53.5,52.7,4455,234767,25-JUN-2006,
WINSOMYARN,EQ,15,15,15,15,15,14.5,200,3000,25-JUN-2006,
WIPRO,EQ,489,489,472,475.35,474,469.6,95172,45384240.05,25-JUN-2006,
WOCKPHARMA,EQ,377,385,373,378.8,375,375.5,5845,2218269.7,25-JUN-2006,
WSTCSTPAPR,EQ,340.1,355,340,351.9,351.9,348.85,407,141451.55,25-JUN-2006,
WYETHLEDE,EQ,535,540,528.55,535.65,540,529.9,252,134905.2,25-JUN-2006,
XPROINDIA,EQ,32.6,36,32.6,35.5,35.8,35.05,2303,81868.65,25-JUN-2006,
YESBANK,EQ,86,86,82,82.7,83.35,82.2,7720,637854,25-JUN-2006,
ZEETELE,EQ,235,236.95,230.1,231.75,231.3,231.55,55046,12808755.05,25-JUN-2006,
ZENITHCOMP,EQ,77,80,77,78.65,79.95,76.8,7070,554136.5,25-JUN-2006,
ZENITHINFO,EQ,169.25,169.35,169.25,169.35,169.35,161.25,925,156647.75,25-JUN-2006,
ZENSARTECH,EQ,196.9,208.65,194.9,203.15,202.5,194.45,9927,2010076.1,25-JUN-2006,
ZICOM,EQ,160,160,151,151.1,151,155.75,240,36355,25-JUN-2006,
ZODIACLOTH,EQ,170,199.65,170,195.3,193,186.15,1017,185866.05,25-JUN-2006,
ZODJRDMKJ,EQ,33.9,34,33.9,33.95,33.95,33.25,221,7502.95,25-JUN-2006,
ZUARIAGRO,EQ,177,177.85,171.25,173,172,171.05,10307,1784341,25-JUN-2006,
