SYMBOL,SERIES,OPEN,HIGH,LOW,CLOSE,LAST,PREVCLOSE,TOTTRDQTY,TOTTRDVAL,TIMESTAMP,TOTALTRADES,ISIN,
20MICRONS,EQ,105.25,113.35,105.25,111.4,111.35,107.25,372016,41167223.3,28-SEP-2012,2450,INE144J01019,
3IINFOTECH,BE,8.1,8.3,8,8,8.05,8.05,916198,7415604.35,28-SEP-2012,3302,INE748C01020,
3MINDIA,EQ,4055,4110,4035,4047.35,4035,4053.7,323,1316731.85,28-SEP-2012,34,INE470A01017,
A2ZMES,EQ,71.35,72.55,70,70.25,70.4,70.25,739244,52651125,28-SEP-2012,7276,INE619I01012,
AANJANEYA,EQ,704.05,707.5,675,697.15,690,701.95,169058,118702108.45,28-SEP-2012,1399,INE928K01013,
AARTIDRUGS,EQ,154.1,158.95,154.1,156.5,155.5,157.55,5333,834471.85,28-SEP-2012,185,INE767A01016,
AARTIIND,EQ,79.9,80,78,78.6,78.5,78.65,21684,1717581.25,28-SEP-2012,194,INE769A01020,
AARVEEDEN,EQ,42,42,40.8,41.4,41.4,42,212,8782.35,28-SEP-2012,14,INE273D01019,
ABAN,EQ,437,448,435.15,437.8,440,435.1,605804,267792275.4,28-SEP-2012,14149,INE421A01028,
ABB,EQ,787.1,804.9,780.35,800.65,798.75,785.55,86128,68784140.1,28-SEP-2012,4498,INE117A01022,
ABBOTINDIA,EQ,1585,1606,1572.55,1600.55,1605,1590.3,2867,4578589.65,28-SEP-2012,171,INE358A01014,
ABCIL,EQ,85,85,81,83.95,83.55,83.15,2569,215159.25,28-SEP-2012,60,INE605B01016,
ABGSHIP,EQ,365.45,387.8,306,375.55,375,374.3,228140,85479209.75,28-SEP-2012,2449,INE067H01016,
ABHISHEK,EQ,7.15,7.65,7.15,7.3,7.3,7.3,469,3449.7,28-SEP-2012,47,INE004I01017,
ABIRLANUVO,EQ,889.45,903.05,884,897.95,900,887.65,237901,212997838.55,28-SEP-2012,13513,INE069A01017,
ACC,EQ,1452,1477.5,1440.5,1470.05,1470,1447.75,416847,612129086.85,28-SEP-2012,14833,INE012A01025,
ACCELYA,BE,195.05,207.9,195.05,202,202,203.55,10465,2129461.5,28-SEP-2012,156,INE793A01012,
ACE,EQ,26.2,26.5,25.1,25.6,25.8,26.05,45979,1192502.05,28-SEP-2012,302,INE731H01025,
ACROPETAL,EQ,16.4,16.4,15.9,16.05,15.9,16.15,105185,1700626.1,28-SEP-2012,514,INE055L01013,
ADANIENT,EQ,197.85,203.75,197.85,201.15,200.95,196.3,2154163,434256576.6,28-SEP-2012,26917,INE423A01024,
ADANIPORTS,EQ,123,128.5,123,127.5,127.35,122.05,2455631,309301794.4,28-SEP-2012,17477,INE742F01042,
ADANIPOWER,EQ,53.1,54,52.8,52.95,53.1,52.8,2328818,124327662.85,28-SEP-2012,12994,INE814H01011,
ADFFOODS,EQ,48.45,50.5,47.25,48.45,48.35,48.85,6294,306155.75,28-SEP-2012,192,INE982B01019,
ADHUNIK,EQ,28.85,31.4,28.8,29.65,29.75,28.55,752110,22782627.3,28-SEP-2012,3910,INE400H01019,
ADORWELD,EQ,134.8,136.8,132.3,134.1,134,132.3,6198,829494.15,28-SEP-2012,147,INE045A01017,
ADSL,EQ,23.2,23.9,23.2,23.35,23.35,23.3,73165,1717329.5,28-SEP-2012,363,INE102I01027,
ADVANIHOTR,EQ,28.2,29.4,28.1,29.4,29.4,29.5,1387,39678.7,28-SEP-2012,11,INE199C01026,
ADVANTA,EQ,729.4,744,727.7,739.2,740,726.1,19272,14195658.75,28-SEP-2012,897,INE517H01010,
AEGISCHEM,EQ,146.05,169.1,144.05,160.4,159,144.05,786611,123602938.95,28-SEP-2012,18152,INE208C01017,
AFL,EQ,32.3,32.3,31.25,31.7,31.85,31.3,1947,61583.65,28-SEP-2012,185,INE020G01017,
AFTEK,EQ,7.9,8.1,7.8,7.85,7.8,7.95,106577,849149.55,28-SEP-2012,244,INE796A01023,
AGCNET,EQ,405,413.85,398.1,402.15,401,402.35,7334,2980810.2,28-SEP-2012,466,INE676A01019,
AGRODUTCH,EQ,4,4.05,3.8,4,4.05,3.95,20894,83201.15,28-SEP-2012,88,INE135B01014,
AHLEAST,EQ,232.75,242,228,230.25,230.25,234.8,3346,769782.6,28-SEP-2012,67,INE926K01017,
AHLUCONT,EQ,40,40.75,40,40.35,40,40,4836,193970.65,28-SEP-2012,292,INE758C01029,
AHLWEST,EQ,127,136.75,122.8,134.4,132.5,125.05,65385,8628780.35,28-SEP-2012,399,INE915K01010,
AHMEDFORGE,EQ,135.9,143.35,132.55,140.25,141,130.4,44658,6240788.2,28-SEP-2012,1274,INE425A01011,
AIAENG,EQ,366.2,379.9,355.15,356.9,355.5,367.9,4395,1592492.1,28-SEP-2012,263,INE212H01026,
AIL,EQ,405.4,410.25,398.1,403.05,410.25,400.1,77229,31153085,28-SEP-2012,2238,INE878A01011,
AJANTPHARM,EQ,425,436.2,417.05,419.75,420,416.25,8751,3702247.3,28-SEP-2012,530,INE031B01031,
AJMERA,EQ,119,123.15,116.1,118.65,118.9,119.35,40489,4860620.75,28-SEP-2012,1038,INE298G01027,
AKSHOPTFBR,EQ,15.15,15.15,14.6,14.85,14.6,14.95,43030,637333,28-SEP-2012,283,INE523B01011,
AKZOINDIA,EQ,870,879,867,870.5,868.6,870.35,2763,2415831,28-SEP-2012,151,INE133A01011,
ALBK,EQ,145.6,148.8,145.6,146.75,146.7,144.7,1436344,211976183.35,28-SEP-2012,14974,INE428A01015,
ALCHEM,EQ,53.2,53.7,52.85,53.3,53.6,53.1,10623,566445.1,28-SEP-2012,139,INE964B01033,
ALEMBICLTD,EQ,16.25,16.25,15.5,15.7,15.65,16,75389,1189355.95,28-SEP-2012,312,INE426A01027,
ALICON,EQ,67.55,69,67.5,67.8,67.8,67.25,4584,313944.2,28-SEP-2012,71,INE062D01024,
ALKALI,EQ,27.75,28.4,27.15,27.4,27.3,27.95,3239,89729.75,28-SEP-2012,347,INE773I01017,
ALKYLAMINE,EQ,132.6,139.25,130.05,132.95,132,133.7,299,39816,28-SEP-2012,17,INE150B01013,
ALLCARGO,EQ,136.95,139,133.7,135.25,135,135.5,10764,1463630.3,28-SEP-2012,307,INE418H01029,
ALLSEC,EQ,28.75,32,28.75,30.75,30.75,31.9,328,10353.2,28-SEP-2012,20,INE835G01018,
ALMONDZ,EQ,9.9,10,9.25,9.55,9.95,10,31578,310483.05,28-SEP-2012,131,INE326B01027,
ALOKTEXT,EQ,12.5,12.8,12.35,12.6,12.6,12.4,12733694,160439262.1,28-SEP-2012,10894,INE270A01011,
ALPA,EQ,10,10,9.6,9.75,9.75,9.85,1104,10625.95,28-SEP-2012,20,INE385I01010,
ALPHAGEO,EQ,59.5,60,53.15,58.15,56.1,56.8,10152,597380.4,28-SEP-2012,845,INE137C01018,
ALPINEHOU,EQ,16.6,16.6,16.6,16.6,16.6,17.45,20,332,28-SEP-2012,1,INE840D01015,
ALPSINDUS,EQ,2.05,2.05,1.95,2,1.95,2,9851,19657.8,28-SEP-2012,24,INE093B01015,
ALSTOMT&D,EQ,211.1,217.25,207,213.6,216,210.7,69603,14781562.65,28-SEP-2012,1638,INE200A01026,
AMAR,EQ,35,35,35,35,35,33.35,19326,676410,28-SEP-2012,101,INE787G01011,
AMARAJABAT,EQ,222.25,224,218.05,219.15,218.25,222.2,109993,24263766.2,28-SEP-2012,3148,INE885A01032,
AMARJOTHI,EQ,40,42,40,41.6,42,42,789,32202.6,28-SEP-2012,12,INE484D01012,
AMBIKCO,EQ,182.5,183,179.15,180,180,178.05,918,166880.95,28-SEP-2012,36,INE540G01014,
AMBUJACEM,EQ,202.8,204.5,200.85,202,202.3,202.2,4442361,899408450.35,28-SEP-2012,46061,INE079A01024,
AMDIND,EQ,15.05,15.35,15,15.05,15.05,15,2180,33058.25,28-SEP-2012,25,INE005I01014,
AMLSTEEL,EQ,9.05,9.2,8.45,8.95,8.95,8.8,2920,26062.9,28-SEP-2012,10,INE577F01018,
AMRUTANJAN,EQ,780,785.95,775.55,777.35,778,777.15,9463,7378840.1,28-SEP-2012,777,INE098F01015,
AMTEKAUTO,EQ,90.6,91.95,87.5,88.55,88.5,89.35,682399,61382959.9,28-SEP-2012,9053,INE130C01021,
AMTEKINDIA,EQ,96.15,97.9,94.55,96.5,96.85,95.45,198611,19141957.3,28-SEP-2012,1309,INE068D01021,
AMTL,EQ,18.3,18.3,18,18.05,18,17.9,493,8946.9,28-SEP-2012,11,INE436N01029,
ANANTRAJ,EQ,67.85,72.15,67.45,71.5,71.65,66.8,2572354,180514872.45,28-SEP-2012,17789,INE242C01024,
ANDHRABANK,EQ,111.3,113.5,111.15,112.55,112.85,110,817852,92011769.95,28-SEP-2012,8404,INE434A01013,
ANDHRACEMT,EQ,8.6,9.1,8.6,8.75,8.7,8.5,131182,1156910.8,28-SEP-2012,535,INE666E01012,
ANDHRSUGAR,EQ,148,150,144.5,145.15,144.5,145.65,12702,1856271.7,28-SEP-2012,197,INE715B01013,
ANIKINDS,EQ,32.3,32.7,31.7,32.05,31.85,32.3,5380,172642.65,28-SEP-2012,60,INE087B01017,
ANKURDRUGS,BE,17,18.45,17,17.55,17.25,17.75,52948,951338.2,28-SEP-2012,91,INE238D01012,
ANSALAPI,EQ,28.8,31,28.55,29,29.05,28.1,591279,17407178.95,28-SEP-2012,2588,INE436A01026,
ANSALHSG,EQ,47.3,48,45.5,46.9,46.6,47,4809,227577.15,28-SEP-2012,80,INE880B01015,
ANTGRAPHIC,EQ,0.25,0.25,0.2,0.2,0.2,0.25,45495,9598.25,28-SEP-2012,23,INE414B01021,
APARINDS,EQ,140,144,140,141.85,140.65,142.5,10411,1473766.65,28-SEP-2012,236,INE372A01015,
APCOTEXIND,EQ,206.5,206.5,200,202.25,203.4,203.25,1792,361951.9,28-SEP-2012,264,INE116A01016,
APLAB,EQ,25.5,25.95,25.5,25.95,25.95,25.5,806,20555.7,28-SEP-2012,5,INE273A01015,
APLAPOLLO,EQ,162.5,174,162.5,169,170.75,167.45,8230,1414277.3,28-SEP-2012,125,INE702C01019,
APLLTD,EQ,74.85,74.85,71,71.55,72,73.9,171213,12476896.3,28-SEP-2012,1707,INE901L01018,
APOLLOHOSP,EQ,731.95,751,726.1,731.25,731.75,731.9,282100,207870768.25,28-SEP-2012,19335,INE437A01024,
APOLLOTYRE,EQ,91.55,93,91.1,92.65,92.9,90.4,3857571,356507546,28-SEP-2012,18359,INE438A01022,
APPAPER,EQ,348.25,348.7,338.9,340.6,340.6,345,78804,27020264.35,28-SEP-2012,2038,INE435A01028,
APTECHT,EQ,73.9,75.35,73.3,73.55,73.7,73.8,395573,29462012.4,28-SEP-2012,3817,INE266F01018,
AQUA,EQ,9.6,9.85,9.35,9.7,9.7,9.5,177953,1712061.75,28-SEP-2012,428,INE544K01026,
ARCHIDPLY,EQ,9.1,9.1,9,9,9,9,674,6076,28-SEP-2012,5,INE877I01016,
ARCHIES,EQ,26.2,26.9,25.9,26.35,26.3,25.9,117489,3111308.95,28-SEP-2012,798,INE731A01020,
ARIES,EQ,54,57.7,50.35,52.45,52.4,54.35,96022,5100883.55,28-SEP-2012,781,INE298I01015,
ARIHANT,EQ,37.95,37.95,37.95,37.95,37.95,36.15,14,531.3,28-SEP-2012,1,INE413D01011,
AROGRANITE,EQ,32,33.15,32,32.8,32.8,32,85,2724.65,28-SEP-2012,6,INE210C01013,
ARROWTEX,EQ,6.85,6.85,6.75,6.8,6.8,7.1,944,6419.2,28-SEP-2012,4,INE933J01015,
ARSHIYA,EQ,135.45,139.25,134,134.55,134.05,135.3,98429,13409786.75,28-SEP-2012,2306,INE968D01022,
ARSSINFRA,EQ,52.5,61.65,52,60,60,51.9,6495156,379261042.4,28-SEP-2012,45373,INE267I01010,
ARVIND,EQ,79.65,82,79.25,79.9,80.15,78.65,2022319,162826111,28-SEP-2012,12603,INE034A01011,
ARVINDREM,EQ,34.5,35.4,33.55,34,33.55,34.15,80417,2763284.55,28-SEP-2012,446,INE211C01037,
ASAHIINDIA,EQ,68.25,69.2,67.65,69,69.2,68.1,43630,3006900.9,28-SEP-2012,195,INE439A01020,
ASAHISONG,EQ,91.45,92.95,91.45,92.5,92.5,92,2672,246829.25,28-SEP-2012,18,INE228I01012,
ASAL,EQ,49.95,49.95,48.4,48.55,48.55,49.55,971,47345.7,28-SEP-2012,13,INE900C01027,
ASHAPURMIN,BE,26.85,27.9,26.3,26.7,26.6,26.75,13393,360639.15,28-SEP-2012,69,INE348A01023,
ASHCONIUL,BE,1.25,1.25,1.2,1.2,1.2,1.2,1476,1821.2,28-SEP-2012,4,INE714F01033,
ASHIANA,EQ,173.5,175,170.5,171.05,170.5,171.3,1479,256057.05,28-SEP-2012,38,INE365D01013,
ASHIMASYN,BE,5.65,5.65,5.65,5.65,5.65,5.9,6000,33900,28-SEP-2012,13,INE440A01010,
ASHOKA,EQ,221.55,229.95,221.55,228.7,229.95,225.05,841,190878.1,28-SEP-2012,28,INE442H01011,
ASHOKLEY,EQ,23.9,24.4,23.85,24.1,24.05,23.85,4062622,98205880.55,28-SEP-2012,8769,INE208A01029,
ASIANHOTNR,EQ,177,180.1,177,179.65,180,177,1320,236684.9,28-SEP-2012,85,INE363A01022,
ASIANPAINT,EQ,3914,3966.4,3900,3934.8,3944.9,3870.3,82290,324214102.45,28-SEP-2012,10742,INE021A01018,
ASIANTILES,EQ,45.15,45.4,41.85,45,45,43.15,17,740.15,28-SEP-2012,16,INE022I01019,
ASSAMCO,EQ,5.5,6.65,5.5,6.65,6.65,5.55,2257401,14520849.5,28-SEP-2012,3050,INE442A01024,
ASTEC,BE,32.5,35.75,32.5,35.3,35.5,34.05,103470,3610762.95,28-SEP-2012,92,INE563J01010,
ASTERSILI,BE,8.2,8.2,8.05,8.15,8.1,8.2,1494,12208.15,28-SEP-2012,12,INE900K01012,
ASTRAL,EQ,302,302.9,295,299.15,300,299.65,7983,2392471.8,28-SEP-2012,178,INE006I01020,
ASTRAMICRO,EQ,44.7,45,43.05,43.25,43.4,44.15,134800,5915815.95,28-SEP-2012,1282,INE386C01029,
ASTRAZEN,EQ,1676.5,1709,1655,1663.5,1660,1674.9,13907,23364399.3,28-SEP-2012,1640,INE203A01020,
ATFL,EQ,410.1,432,410.05,419.85,420,408,24067,10172164.9,28-SEP-2012,947,INE209A01019,
ATLANTA,EQ,45.3,45.3,42.65,43.2,42.75,43.5,167520,7372252.85,28-SEP-2012,1393,INE285H01022,
ATLASCYCLE,EQ,427.5,428.65,420.5,421.65,421.55,426.3,16380,6931950.1,28-SEP-2012,822,INE446A01017,
ATNINTER,EQ,0.6,0.65,0.55,0.6,0.55,0.6,5700,3447.5,28-SEP-2012,11,INE803A01027,
ATUL,EQ,332.8,338,330.1,337,337.5,330.8,36708,12311912.3,28-SEP-2012,843,INE100A01010,
AURIONPRO,EQ,119.75,120.3,115.2,119.4,120.3,118.6,2512,299877.2,28-SEP-2012,17,INE132H01018,
AUROPHARMA,EQ,142,144.9,138.85,142,142.15,140.75,2160983,307561776.9,28-SEP-2012,18879,INE406A01037,
AUSTRAL,EQ,0.9,1,0.9,1,1,0.95,413212,396086.05,28-SEP-2012,266,INE455J01027,
AUTOAXLES,EQ,406,418.95,402.4,411.9,415,401.9,2333,954166.8,28-SEP-2012,134,INE449A01011,
AUTOIND,EQ,190.05,192.95,180.6,182.55,183.4,184.5,301888,56415619,28-SEP-2012,7230,INE718H01014,
AUTOLITIND,BE,20.35,20.35,20,20,20,19.4,805,16191.75,28-SEP-2012,4,INE448A01013,
AVANTI,EQ,202,205,199,202.9,202.3,200.15,3065,619473.85,28-SEP-2012,103,INE871C01012,
AVTNPL,EQ,38.4,40.25,37,38.8,38.15,37.6,232164,8992739.05,28-SEP-2012,2390,INE488D01021,
AXIS-IT&T,EQ,86,89.35,86,87.95,88,87.75,7593,672277.25,28-SEP-2012,216,INE555B01013,
AXISBANK,EQ,1142,1150.9,1130.65,1136,1135,1128.8,1748800,1994840974.5,28-SEP-2012,55725,INE238A01026,
AXISGOLD,EQ,3091.95,3091.95,3061.65,3064.3,3061.65,3062.75,691,2119520.7,28-SEP-2012,126,INF846K01347,
BAGFILMS,EQ,4,4.25,4,4.1,4.1,4.1,176797,736823.9,28-SEP-2012,205,INE116D01028,
BAJAJ-AUTO,EQ,1829,1850.1,1810.9,1830.1,1826.1,1820.1,246414,451886362.45,28-SEP-2012,13866,INE917I01010,
BAJAJCORP,EQ,183.5,186.95,178.3,179.35,179.2,180.25,281458,51387733.15,28-SEP-2012,5341,INE933K01021,
BAJAJELEC,EQ,197.7,204,197.25,198.4,197.7,196.5,129675,26023401.35,28-SEP-2012,2611,INE193E01025,
BAJAJFINSV,EQ,856.05,887.4,856,873.6,873,854.55,212188,185875045.7,28-SEP-2012,8137,INE918I01018,
BAJAJHIND,EQ,31.7,32.3,31.65,31.8,31.8,31.45,1967955,62780425.2,28-SEP-2012,5630,INE306A01021,
BAJAJHLDNG,EQ,800,811,786.7,794.55,787.5,795.85,35893,28810614.2,28-SEP-2012,1418,INE118A01012,
BAJFINANCE,EQ,1165.05,1192,1165.05,1179.75,1180,1165.8,6104,7221831.35,28-SEP-2012,538,INE296A01016,
BALAJITELE,EQ,47,47.4,45.2,45.7,45.4,46.55,159899,7379299.45,28-SEP-2012,1215,INE794B01026,
BALAMINES,EQ,60,60,57.1,59.05,59.25,57.7,59918,3510655.85,28-SEP-2012,967,INE050E01027,
BALKRISIND,EQ,291.8,291.8,281.1,283.95,282.5,289.75,167348,47838460.2,28-SEP-2012,577,INE787D01026,
BALLARPUR,EQ,19.5,19.9,19.5,19.8,19.75,19.45,273018,5376042.1,28-SEP-2012,946,INE294A01037,
BALMLAWRIE,EQ,590,608,590,604.5,606.9,594.2,6803,4101313.15,28-SEP-2012,391,INE164A01016,
BALPHARMA,EQ,20.5,21.5,20.5,20.9,21.2,21,2515,52577.25,28-SEP-2012,109,INE083D01012,
BALRAMCHIN,EQ,67,67.9,66.55,67.3,67.6,66.5,1037137,69819052.55,28-SEP-2012,6063,INE119A01028,
BANARISUG,EQ,906,909,900,900.45,900.1,913.55,280,252372.6,28-SEP-2012,49,INE459A01010,
BANCOINDIA,EQ,58.9,64.8,58.9,63.5,63.8,58.5,36794,2314277.3,28-SEP-2012,491,INE213C01025,
BANG,EQ,20.9,20.9,19.85,20.05,20.2,20.2,1823,36543.3,28-SEP-2012,13,INE863I01016,
BANKBARODA,EQ,785,802.4,780.2,797.8,796,778.05,1013779,803887920,28-SEP-2012,29868,INE028A01013,
BANKBEES,EQ,1156.99,1167.35,1150.25,1151.88,1155,1147.1,2489,2874362.63,28-SEP-2012,129,INF732E01078,
BANKINDIA,EQ,308.7,313.8,308,311.2,311,305.05,1372484,426336931.25,28-SEP-2012,24270,INE084A01016,
BANSWRAS,EQ,70,70,67.65,68.5,68,67.55,1172,80173.2,28-SEP-2012,111,INE629D01012,
BARTRONICS,EQ,24.1,25.85,24.05,25.3,25.25,24.05,202406,5120839.85,28-SEP-2012,1854,INE855F01034,
BASF,EQ,648.05,660,644.5,651.95,658,648.55,10835,7042580.15,28-SEP-2012,732,INE373A01013,
BASML,BE,82.8,88,82.8,87.55,87.55,85.25,40197,3517145.55,28-SEP-2012,17,INE186H01014,
BATAINDIA,EQ,949.05,986,944.3,977.3,977.5,944.55,549437,533810208.4,28-SEP-2012,18428,INE176A01010,
BAYERCROP,EQ,1022.45,1099.9,1015.5,1067.4,1083,1017.9,52511,54814580.55,28-SEP-2012,1913,INE462A01022,
BBL,EQ,595.1,596.95,580.05,584.5,580.1,584.95,5470,3216048.35,28-SEP-2012,776,INE464A01028,
BBTC,EQ,539.95,551.6,536.25,545.95,550,534.7,9099,4953341,28-SEP-2012,544,INE050A01017,
BECREL,BE,5.8,5.8,5.8,5.8,5.8,5.8,202,1171.6,28-SEP-2012,3,INE287A01015,
BEDMUTHA,EQ,12.45,12.75,12.45,12.65,12.75,12.4,35974,452779.35,28-SEP-2012,166,INE844K01012,
BEL,EQ,1208,1218,1111,1208.55,1206,1187.05,60621,73239505.15,28-SEP-2012,1316,INE263A01016,
BEML,EQ,307.8,315,307,308.3,307.5,305,109461,33984271.3,28-SEP-2012,3627,INE258A01016,
BEPL,EQ,17.65,18,17,17.2,17.2,17.85,151786,2610740.35,28-SEP-2012,36,INE922A01025,
BERGEPAINT,EQ,154.5,156.5,146,147.15,147.45,150.35,1378323,209761926.3,28-SEP-2012,12870,INE463A01020,
BFINVEST,EQ,44.05,44.5,44,44.1,44,44,3036,134184.2,28-SEP-2012,54,INE878K01010,
BFUTILITIE,EQ,407.7,411.9,400,402.3,404.4,400.55,279778,113641729.65,28-SEP-2012,8298,INE243D01012,
BGLOBAL,EQ,7.4,8.3,7.1,7.5,7.4,7.6,50695,388683.8,28-SEP-2012,161,INE224M01013,
BGRENERGY,EQ,279,283.9,273.25,274.5,274.85,276.45,467923,130272968.7,28-SEP-2012,7440,INE661I01014,
BHAGWATIHO,EQ,72,72.35,69.8,70.6,71.15,72.1,14883,1059792.65,28-SEP-2012,664,INE797H01018,
BHAGYNAGAR,EQ,14.1,14.25,13.5,14.2,14.2,14,5714,80764.45,28-SEP-2012,40,INE458B01028,
BHARATFORG,EQ,303.45,308.75,301.3,305.55,306,300.1,554271,169060734.75,28-SEP-2012,9179,INE465A01025,
BHARATFORG,W2,41.75,41.75,41.75,41.75,41.75,34.8,50000,2087500,28-SEP-2012,1,INE465A13020,
BHARATGEAR,EQ,67,69.4,66,68.6,68.05,67,7237,491781.9,28-SEP-2012,222,INE561C01019,
BHARATRAS,EQ,140,149.95,140,149,149,142.5,212,30720.95,28-SEP-2012,9,INE838B01013,
BHARTIARTL,EQ,264.85,267,262.2,265.45,265.7,261.4,5210906,1381162109,28-SEP-2012,59258,INE397D01024,
BHARTISHIP,EQ,71,71.9,70.35,70.75,70.55,70.05,173780,12363851.95,28-SEP-2012,2093,INE673G01013,
BHEL,EQ,250,252.45,244.5,246.95,246.6,248.1,3813783,948498598.95,28-SEP-2012,46505,INE257A01026,
BHUSANSTL,EQ,492.6,501.95,488,498.8,496.6,492.1,139484,69056464.25,28-SEP-2012,3788,INE824B01021,
BIL,EQ,51.9,53.4,50.5,52.45,53,51.3,31854,1652470.25,28-SEP-2012,321,INE828A01016,
BILENERGY,EQ,48.45,48.45,45.25,45.4,45.25,47.6,1958,89252.65,28-SEP-2012,24,INE607L01011,
BILPOWER,EQ,43.95,45,43,43.25,43.05,43.2,263790,11636077.75,28-SEP-2012,636,INE952D01018,
BIMETAL,EQ,267.75,267.95,260.2,263.45,265.8,260.95,109,28677.6,28-SEP-2012,11,INE469A01019,
BINANIIND,EQ,128.65,139.7,128.65,134.2,134.25,126.95,522178,71002740.05,28-SEP-2012,9241,INE071A01013,
BINDALAGRO,EQ,33,33.4,31.6,31.7,31.85,32.75,301251,9738353.45,28-SEP-2012,2077,INE143A01010,
BIOCON,EQ,275.9,278.55,273.05,274.8,275.05,274.75,247265,68143547.6,28-SEP-2012,6494,INE376G01013,
BIRLACORPN,EQ,236,283.2,236,282.45,283.2,236,504115,136665997.25,28-SEP-2012,12394,INE340A01012,
BIRLACOT,BE,0.25,0.25,0.2,0.25,0.2,0.25,270040,62834.1,28-SEP-2012,61,INE655I01024,
BIRLAERIC,EQ,10.4,11,10.4,10.45,10.5,10.65,7457,79540.4,28-SEP-2012,61,INE800A01015,
BIRLAMONEY,EQ,13.7,14.5,13.7,14.1,14.1,13.95,2945,41683.55,28-SEP-2012,22,INE865C01022,
BIRLAPOWER,BE,0.35,0.4,0.35,0.35,0.4,0.35,1233078,478073.5,28-SEP-2012,241,INE224B01024,
BLBLIMITED,EQ,3.7,3.7,3.5,3.5,3.5,3.55,5401,19143.7,28-SEP-2012,12,INE791A01024,
BLISSGVS,EQ,42.8,44,42,43.7,43.1,43,96567,4181430,28-SEP-2012,631,INE416D01022,
BLKASHYAP,EQ,9.7,10.1,9.25,10,10.05,9.85,93262,929435.45,28-SEP-2012,283,INE350H01032,
BLUECHIP,EQ,0.65,0.7,0.6,0.6,0.6,0.7,20979,13604.9,28-SEP-2012,21,INE657B01025,
BLUECOAST,EQ,118.9,118.9,118.9,118.9,118.9,113.25,2,237.8,28-SEP-2012,1,INE472B01011,
BLUEDART,EQ,1690,1740,1644.1,1720.3,1739.9,1698,606,1038079.35,28-SEP-2012,213,INE233B01017,
BLUESTARCO,EQ,181,182,179,179.9,180.6,180.25,60163,10831457.5,28-SEP-2012,1422,INE472A01039,
BLUESTINFO,EQ,69.4,72.3,69,70.5,71,68.25,7347,519941.85,28-SEP-2012,338,INE504B01011,
BOC,EQ,437,456,437,447.4,446.25,441.15,26571,11960793.4,28-SEP-2012,821,INE473A01011,
BODALCHEM,EQ,10.6,11.1,10.35,11.1,11.1,10.6,2322,25088.25,28-SEP-2012,12,INE338D01028,
BODHTREE,BE,21.85,21.85,21.85,21.85,21.85,23,66,1442.1,28-SEP-2012,1,INE104F01011,
BOMDYEING,EQ,496.55,506.8,490.25,492.95,491.5,491.5,285069,142202035.9,28-SEP-2012,8450,INE032A01015,
BOSCHLTD,EQ,8630,8880,8601.15,8730.6,8880,8681.25,20399,177949301.1,28-SEP-2012,2433,INE323A01026,
BPCL,EQ,347.85,358.5,345,348.7,351.5,346.85,659991,229429166.35,28-SEP-2012,14145,INE029A01011,
BPL,EQ,17.3,20.5,17,19.65,19.8,17.35,403624,7756212.3,28-SEP-2012,1521,INE110A01019,
BRANDHOUSE,EQ,14.35,14.8,13.8,14,14.1,14.15,36866,528184.3,28-SEP-2012,196,INE317J01011,
BRFL,EQ,262.5,277.9,262.5,268.55,268,270.95,11920,3181549.95,28-SEP-2012,340,INE589G01011,
BRIGADE,EQ,58,60.55,58,59.05,59.75,58.65,26025,1545247.6,28-SEP-2012,486,INE791I01019,
BRITANNIA,EQ,482.8,488.85,473.4,475.75,479.4,480.45,99615,47656503.35,28-SEP-2012,6378,INE216A01022,
BRITANNIA,N1,174.02,178,174.02,178,178,175,50,8708.95,28-SEP-2012,4,INE216A07045,
BROADCAST,EQ,8,8,7.8,8,8,8,385,3045,28-SEP-2012,6,INE698H01018,
BROOKS,EQ,18,19.2,18,18.3,18.1,18.25,61108,1142641.95,28-SEP-2012,353,INE650L01011,
BSELINFRA,EQ,3,3.2,3,3.1,3.15,3.05,55360,171151.25,28-SEP-2012,107,INE395A01016,
BSL,EQ,14.5,14.5,14,14,14,14.35,3000,42300,28-SEP-2012,7,INE594B01012,
BSLGOLDETF,EQ,3130,3130,3095.7,3100,3100,3134,5,15585.7,28-SEP-2012,4,INF209K01HT2,
BSLNIFTY,EQ,51,52.5,51,52.5,52.5,51.87,247,12822,28-SEP-2012,4,INF209K01IR4,
BSTRANSCOM,EQ,209.9,213,203.25,204.25,204.1,207.85,82193,17077235.2,28-SEP-2012,1265,INE043K01011,
BURNPUR,EQ,7.25,7.6,7.25,7.35,7.5,7.25,38208,281539.4,28-SEP-2012,117,INE817H01014,
BVCL,EQ,8.85,10.05,8.85,9.9,9.75,8.9,23288,218858.1,28-SEP-2012,133,INE139I01011,
CADILAHC,EQ,829,883.1,829,873.6,873,844.2,200719,175765931.4,28-SEP-2012,9459,INE010B01019,
CAIRN,EQ,330.9,335,329.6,331.05,331,326.3,6626009,2196217090.45,28-SEP-2012,99435,INE910H01017,
CALSOFT,EQ,14.25,14.25,14.2,14.2,14.2,14.25,992,14121.5,28-SEP-2012,3,INE526B01014,
CANBK,EQ,433,443.15,430.3,431.45,431.2,430.9,1243474,543718930,28-SEP-2012,43770,INE476A01014,
CANDC,EQ,60.9,60.9,57.4,58.2,58.6,58.35,5733,332644.3,28-SEP-2012,83,INE874H01015,
CANFINHOME,EQ,109.75,109.75,107.15,107.2,107.15,107.1,5823,627235.75,28-SEP-2012,293,INE477A01012,
CANTABIL,EQ,19,19.75,19,19.25,19.15,19.15,11219,218942.45,28-SEP-2012,107,INE068L01016,
CARBORUNIV,EQ,154,162.25,154,160.15,161.7,153.7,32338,5120062,28-SEP-2012,635,INE120A01034,
CAREERP,EQ,154.8,154.8,150.55,151.35,150.55,154.8,4632,708046.85,28-SEP-2012,122,INE521J01018,
CASTROL,EQ,312.8,318.85,309.2,311.25,311.55,310.35,253654,79551023.3,28-SEP-2012,7823,INE172A01019,
CCCL,EQ,15.25,15.25,14,14.15,14,14.55,42604,612461.75,28-SEP-2012,179,INE429I01024,
CCL,EQ,289.9,289.9,282.65,284.9,287,283.25,10192,2907591.45,28-SEP-2012,333,INE421D01014,
CEATLTD,EQ,113.2,115.4,112.2,113,113.3,112.75,110397,12576405.1,28-SEP-2012,1823,INE482A01020,
CEBBCO,EQ,97.7,98,95.9,96.45,97.4,96.7,122958,11866214.6,28-SEP-2012,949,INE209L01016,
CELEBRITY,EQ,4.9,4.9,4.8,4.85,4.8,5,260,1259.15,28-SEP-2012,8,INE185H01016,
CELESTIAL,EQ,16,16.4,15.45,16,15.95,16.1,23820,377574.4,28-SEP-2012,210,INE221I01017,
CENTENKA,EQ,118.9,119.5,117.7,118.9,119.25,118,6917,819516.7,28-SEP-2012,148,INE485A01015,
CENTEXT,EQ,2.1,2.3,2.1,2.2,2.2,2.2,45338,101409,28-SEP-2012,66,INE281A01026,
CENTRALBK,EQ,78.9,79.9,78.05,78.2,78.25,77.5,1095253,86352677.55,28-SEP-2012,8486,INE483A01010,
CENTUM,EQ,69.1,70,69.1,70,70,71.8,103,7135.3,28-SEP-2012,2,INE320B01020,
CENTURYPLY,EQ,58.2,62,58.2,60.2,62,58.7,16361,975000.2,28-SEP-2012,112,INE348B01021,
CENTURYTEX,EQ,359.7,368.15,357.35,359.2,359.65,357.55,919534,334048557.7,28-SEP-2012,13589,INE055A01016,
CERA,EQ,335,339.9,332.05,336,334.5,335.1,2866,962939.9,28-SEP-2012,153,INE739E01017,
CESC,EQ,323.65,334.2,321.2,331.65,333.35,322.95,702961,231592383.45,28-SEP-2012,13408,INE486A01013,
CHAMBLFERT,EQ,75.5,76.65,73.4,73.85,73.8,75.15,2343449,174544651.6,28-SEP-2012,15063,INE085A01013,
CHEMFALKAL,EQ,55,59.7,54.05,56.75,56.95,53.85,31869,1817729.1,28-SEP-2012,1054,INE479E01028,
CHENNPETRO,EQ,124,131,124,129,130.95,123,38758,4952356.15,28-SEP-2012,1180,INE178A01016,
CHESLINTEX,EQ,6.65,7.25,6.65,6.9,6.9,6.95,1308,9353,28-SEP-2012,20,INE217C01018,
CHETTINAD,EQ,810,830,795.05,816.5,813.3,797,2164,1763638.55,28-SEP-2012,279,INE132B01011,
CHOLAFIN,EQ,214.5,220.7,214.5,218,219,215.2,19207,4197340.6,28-SEP-2012,633,INE121A01016,
CHROMATIC,EQ,94.05,97,94,95.3,94,95.5,73714,7059558.95,28-SEP-2012,3307,INE662C01015,
CILNOVA,EQ,18,18,18,18,18,18,900,16200,28-SEP-2012,11,INE672K01017,
CIMMCO,EQ,50,50,50,50,50,49.25,193,9650,28-SEP-2012,6,INE184C01028,
CINEPRO,EQ,15.25,15.35,14.7,15.05,15.35,15,7239,108387.3,28-SEP-2012,52,INE704H01022,
CINEVISTA,EQ,3.05,3.1,3.05,3.1,3.1,3.1,675,2083.75,28-SEP-2012,7,INE039B01026,
CIPLA,EQ,369.6,382.1,365.1,380.1,380,371.45,3138518,1186009539.45,28-SEP-2012,45203,INE059A01026,
CLASSIC,BE,5.05,5.1,5.05,5.1,5.1,4.9,5840,29754,28-SEP-2012,34,INE987C01024,
CLNINDIA,EQ,615.65,629.65,615.65,626,626,619.3,5107,3174507.7,28-SEP-2012,247,INE492A01029,
CLUTCHAUTO,EQ,23,24.8,22.65,23.95,23.8,23.05,24003,571641.1,28-SEP-2012,219,INE779B01019,
CMAHENDRA,EQ,93.9,94.5,90.5,91.65,92.75,92.8,14444,1329735.15,28-SEP-2012,238,INE378J01013,
CMC,EQ,1122,1134.9,1085,1101.65,1104.95,1120.95,91731,103055450.2,28-SEP-2012,1153,INE314A01017,
COALINDIA,EQ,360,370,355.35,358.95,359.1,357.6,2636688,952571929.2,28-SEP-2012,58054,INE522F01014,
COLPAL,EQ,1200,1216.1,1198.45,1207,1205,1199.1,85042,103031943.8,28-SEP-2012,5804,INE259A01022,
COMPUAGE,EQ,59,60,58.9,60,60,61.95,1781,105585.9,28-SEP-2012,11,INE070C01029,
COMPUSOFT,EQ,11.2,11.6,11,11.25,11.1,11.2,121610,1397746,28-SEP-2012,29,INE453B01029,
CONCOR,EQ,945.35,969,945.3,955.75,969,953.05,67454,64276716.2,28-SEP-2012,1106,INE111A01017,
CONSOFINVT,EQ,41.55,42.9,41.5,41.85,41.85,41.45,2557,106730.9,28-SEP-2012,11,INE025A01027,
CORDSCABLE,EQ,23.65,25.35,23.65,25,25.25,23.75,7202,178283.75,28-SEP-2012,118,INE792I01017,
COREEDUTEC,EQ,331.2,334.9,322.45,328.9,325.75,329.95,329427,108547129.85,28-SEP-2012,1504,INE247G01024,
COROENGG,EQ,146.35,146.35,145.85,145.85,145.85,146.3,108,15788.05,28-SEP-2012,4,INE312J01012,
COROMANDEL,EQ,287,293,286.05,288,290,287.3,55271,15972365.85,28-SEP-2012,1695,INE169A01031,
COROMANDEL,N1,14.4,14.7,14.4,14.6,14.7,14.47,28651,417086.94,28-SEP-2012,34,INE169A08010,
CORPBANK,EQ,409.95,422,409.3,417.35,419.9,409.15,131288,54560287.05,28-SEP-2012,3218,INE112A01015,
COSMOFILMS,EQ,87.5,88.95,87.2,87.7,87.5,87.45,17795,1567941.4,28-SEP-2012,286,INE757A01017,
COUNCODOS,EQ,1.3,1.3,1.2,1.2,1.2,1.25,1140,1385.2,28-SEP-2012,9,INE695B01025,
COX&KINGS,EQ,143.35,144.15,138.25,138.85,138.65,142.3,203056,28564106.1,28-SEP-2012,3372,INE008I01026,
CREATIVEYE,BE,5.3,5.3,5,5,5,5.2,2103,10575.45,28-SEP-2012,14,INE230B01021,
CRESTANI,EQ,24.35,28.45,24.35,27.75,27.85,24.15,1632721,44657684.2,28-SEP-2012,8095,INE774A01012,
CREWBOS,EQ,26.85,27,26.15,26.35,26.45,26.25,75583,2009481.75,28-SEP-2012,469,INE514G01019,
CRISIL,EQ,953,968,953,960.55,960,953.4,17072,16383238.9,28-SEP-2012,2247,INE007A01025,
CRMFGETF,EQ,3138,3138,3138,3138,3138,3163,300,941400,28-SEP-2012,1,INF760K01BR1,
CROMPGREAV,EQ,125,130.25,125,126.1,126.5,124.6,2960068,379601347.95,28-SEP-2012,30501,INE067A01029,
CTE,EQ,6.8,7.3,6.8,7.3,7.3,7.2,1833,13155.2,28-SEP-2012,8,INE627H01017,
CUB,EQ,52.4,53.65,52.15,52.55,52.85,52.45,504925,26686876.9,28-SEP-2012,2266,INE491A01021,
CUBEXTUB,EQ,7.25,7.4,6.95,7.35,7.35,7,2388,17013.9,28-SEP-2012,14,INE144D01012,
CUMMINSIND,EQ,500,518.6,482.3,505.25,509,489.8,578051,291409568,28-SEP-2012,10708,INE298A01020,
CYBERTECH,EQ,13.05,13.85,13.05,13.6,13.8,13.4,2463,33397.25,28-SEP-2012,13,INE214A01019,
DAAWAT,EQ,50,52.4,50,51.95,52,50.2,33788,1738438.9,28-SEP-2012,547,INE818H01012,
DABUR,EQ,124.25,132,124.25,128,129.15,124.1,1628440,206775478,28-SEP-2012,12496,INE016A01026,
DALMIABEL,EQ,155,175.1,149,170.85,168.2,150.15,318240,53765793.75,28-SEP-2012,8397,INE439L01019,
DALMIASUG,BE,19.7,20.05,19.6,19.65,19.65,19.7,8129,160124.45,28-SEP-2012,51,INE495A01022,
DATAMATICS,EQ,32.8,32.8,31.8,31.9,31.9,32.1,8883,284513.1,28-SEP-2012,135,INE365B01017,
DBCORP,EQ,201,205.95,200,201.85,202.9,198.15,10421,2117802.15,28-SEP-2012,856,INE950I01011,
DBREALTY,EQ,73.4,73.5,70.8,71.3,70.9,72.55,184546,13432638.25,28-SEP-2012,1308,INE879I01012,
DBSTOCKBRO,EQ,95.8,95.9,95.75,95.85,95.9,95.6,98882,9476051.7,28-SEP-2012,1232,INE921B01025,
DCB,EQ,43.6,44.6,43.6,43.95,43.85,43.2,1976061,87245345.95,28-SEP-2012,6219,INE503A01015,
DCHL,EQ,10.3,10.45,10.05,10.25,10.2,10.15,2134728,21852048.9,28-SEP-2012,3034,INE137G01027,
DCM,EQ,137.5,139.7,135,136.4,136.5,136.7,9493,1303885.25,28-SEP-2012,360,INE498A01018,
DCMSRMCONS,EQ,52.5,53.25,52.1,52.8,52.65,53.05,18817,993446.3,28-SEP-2012,496,INE499A01024,
DCW,EQ,23.15,23.5,22.35,22.8,22.75,23.25,357530,8200676.4,28-SEP-2012,1305,INE500A01029,
DECCANCE,EQ,240.6,251,240.6,242.5,242.5,244.6,807,196411.35,28-SEP-2012,17,INE583C01013,
DECOLIGHT,BE,7.9,8.4,7.9,8.4,8.4,8.15,1014,8160.95,28-SEP-2012,9,INE172I01012,
DEEPAKFERT,EQ,130.1,134.4,130.1,131.2,131.65,130.25,36481,4814695.3,28-SEP-2012,1099,INE501A01019,
DEEPAKNTR,EQ,177.3,177.3,175,175.85,177,176.25,1500,263958.6,28-SEP-2012,10,INE288B01011,
DEEPIND,EQ,44.15,44.25,43.4,43.5,43.85,43.65,6053,265192.15,28-SEP-2012,75,INE677H01012,
DELTACORP,EQ,74.4,74.8,69.85,70.7,70.75,73.2,3462671,251138447.55,28-SEP-2012,22844,INE124G01033,
DELTAMAGNT,EQ,32.4,33.5,32.4,33.5,33.5,31.95,1588,52786.3,28-SEP-2012,7,INE393A01011,
DEN,EQ,163.05,176.85,161.2,173.55,175.8,162.25,820001,139405412.7,28-SEP-2012,9545,INE947J01015,
DENABANK,EQ,106.95,108.4,105.55,106.1,106.05,106.15,2279436,244120372.2,28-SEP-2012,14890,INE077A01010,
DENORA,EQ,148.4,150,145,145.6,145,148.7,1719,254298.8,28-SEP-2012,48,INE244A01016,
DENSO,EQ,46,48,44.45,46.05,46.05,46.05,6193,285163.55,28-SEP-2012,83,INE502A01017,
DHAMPURSUG,EQ,70.8,71.4,69.1,69.35,69.25,70.05,59434,4159401,28-SEP-2012,804,INE041A01016,
DHANBANK,EQ,56.45,57,55,55.55,55.2,55.4,937948,52454445.6,28-SEP-2012,6052,INE680A01011,
DHANUKA,EQ,98.35,99.6,98.35,98.4,98.4,98.3,3772,371335.55,28-SEP-2012,20,INE435G01025,
DHANUS,EQ,2.05,2.25,1.85,1.9,1.9,2.05,1059988,2177548.25,28-SEP-2012,373,INE406H01016,
DHARSUGAR,EQ,42.55,44.4,42.55,43.15,42.75,42.6,4866,212395.7,28-SEP-2012,84,INE988C01014,
DHFL,EQ,196.7,202.4,196.7,200.75,200.9,195.35,145790,29145215.3,28-SEP-2012,6775,INE202B01012,
DHUNINV,EQ,58.3,58.3,58.3,58.3,58.3,61,100,5830,28-SEP-2012,2,INE320L01011,
DIAPOWER,EQ,101.9,103.2,99.65,102.2,102,99.65,35406,3609972.45,28-SEP-2012,388,INE989C01012,
DICIND,EQ,244.15,250,244.15,249.75,249,242.95,1224,302769.95,28-SEP-2012,76,INE303A01010,
DIGJAM,EQ,7.45,7.7,7.4,7.45,7.5,7.4,33148,249414.4,28-SEP-2012,203,INE471A01023,
DISHMAN,EQ,96.85,99.4,96.25,96.5,96.25,96.8,594892,57992674.1,28-SEP-2012,5863,INE353G01020,
DISHTV,EQ,82.8,84.85,82.25,82.55,82.6,81.65,4839403,403644450.7,28-SEP-2012,30501,INE836F01026,
DIVISLAB,EQ,1071,1102.5,1051.05,1082.6,1082.7,1066.4,469916,506050048.25,28-SEP-2012,17552,INE361B01024,
DLF,EQ,238.3,244.7,232.25,233.25,233.2,236.4,9687170,2316539714.65,28-SEP-2012,82265,INE271C01023,
DLINKINDIA,EQ,27,27.6,26.5,26.95,26.8,26.35,14547,393746.05,28-SEP-2012,103,INE250K01012,
DOLPHINOFF,EQ,94.3,96.5,93,94.1,94,94.95,18088,1699136.55,28-SEP-2012,381,INE920A01011,
DONEAR,EQ,15.1,16,14.85,15.7,15.85,15,10277,161304.95,28-SEP-2012,88,INE668D01028,
DPSCLTD,EQ,13.6,13.6,13.25,13.4,13.25,13.35,6371,85718.9,28-SEP-2012,46,INE360C01024,
DPTL,EQ,110.95,114.8,110.05,114.3,113.5,111.45,6067,686595.4,28-SEP-2012,368,INE477B01010,
DQE,EQ,19.35,19.35,18.45,18.55,18.45,18.5,94675,1783055.45,28-SEP-2012,350,INE656K01010,
DREDGECORP,EQ,254.4,255.8,251.05,252.15,252.5,253.2,10854,2749328.3,28-SEP-2012,331,INE506A01018,
DRREDDY,EQ,1629.95,1651.95,1624,1645.65,1647.15,1622.8,777267,1274175027.1,28-SEP-2012,31767,INE089A01023,
DRREDDY,N1,5.12,5.12,5.12,5.12,5.12,5.12,2804,14356.48,28-SEP-2012,5,INE089A08051,
DSKULKARNI,EQ,68.05,68.5,66.5,67.65,66.5,68.25,15025,1016636.35,28-SEP-2012,300,INE891A01014,
DSSL,EQ,4.5,4.5,4.5,4.5,4.5,4.3,1744,7848,28-SEP-2012,10,INE417B01040,
DUNCANSIND,EQ,9.25,9.7,9.15,9.5,9.5,9.25,49877,471869.5,28-SEP-2012,291,INE508A01014,
DWARKESH,EQ,47.5,47.9,47.15,47.4,47.3,47.4,4525,214782.65,28-SEP-2012,56,INE366A01033,
DYNAMATECH,EQ,591.1,659.8,591.1,607.65,600.35,614.3,671,409614.8,28-SEP-2012,89,INE221B01012,
EASTSILK,EQ,3.05,3.15,2.95,3,3,3.05,37652,114837.5,28-SEP-2012,111,INE962C01027,
EASUNREYRL,EQ,64.5,65.95,61.9,62.75,63,63.8,42594,2711080.6,28-SEP-2012,1363,INE268C01029,
ECEIND,EQ,110,113,108,108.75,108,110,895,97428.7,28-SEP-2012,455,INE588B01014,
ECLERX,EQ,777,789.5,768.25,773.9,770.25,766,9531,7413795.1,28-SEP-2012,756,INE738I01010,
EDELWEISS,EQ,32.9,34.15,32.5,33.75,33.7,32.25,293009,9767336.4,28-SEP-2012,1354,INE532F01054,
EDL,EQ,72.5,72.5,69.45,70,70.2,73,7600,538129.2,28-SEP-2012,181,INE180G01019,
EDSERV,EQ,16.15,17.8,16,17.8,17.8,16.2,506577,8696458.5,28-SEP-2012,2126,INE889J01019,
EDUCOMP,EQ,159.7,164,159.7,160.65,160.15,159.65,614853,99532494.1,28-SEP-2012,7956,INE216H01027,
EICHERMOT,EQ,2270.25,2370,2213.3,2311.2,2360,2238.4,30890,70955428.45,28-SEP-2012,2771,INE066A01013,
EIDPARRY,EQ,239.5,240.4,225.65,227.8,229.5,234.55,115389,26674629.95,28-SEP-2012,2284,INE126A01031,
EIHAHOTELS,EQ,131.3,132.4,130.3,131.1,130.3,130.75,10694,1405985.8,28-SEP-2012,279,INE276C01014,
EIHOTEL,EQ,78.5,80.75,78.2,80.1,80.6,77.95,241347,19167798.8,28-SEP-2012,2475,INE230A01023,
EIMCOELECO,EQ,168,168,164.5,166.45,166.6,167.5,211,35204.15,28-SEP-2012,16,INE158B01016,
EKC,EQ,35,36.5,34.25,35.6,35.75,34.5,1034949,36787575.7,28-SEP-2012,5802,INE184H01027,
ELDERPHARM,EQ,303.3,309.95,297.1,298.4,297.1,303,21169,6359557.45,28-SEP-2012,651,INE975A01015,
ELECON,EQ,50.05,50.7,49.15,49.45,49.3,49.8,64855,3247590.35,28-SEP-2012,794,INE205B01023,
ELECTCAST,EQ,20.9,21.15,20.15,20.3,20.45,20.3,468282,9678172.55,28-SEP-2012,1753,INE086A01029,
ELECTHERM,EQ,52.5,52.5,50.2,51.2,51.5,50,2265,116035.3,28-SEP-2012,122,INE822G01016,
ELFORGE,EQ,7.2,7.25,7.2,7.25,7.25,7.6,26,187.25,28-SEP-2012,2,INE158F01017,
ELGIEQUIP,EQ,83.2,83.75,82.6,83.2,83,83,7587,630225.85,28-SEP-2012,56,INE285A01027,
ELGIRUBCO,EQ,22.95,22.95,22,22.2,22.2,22.1,3686,83145.75,28-SEP-2012,20,INE819L01012,
ELNET,EQ,34.6,34.9,34.05,34.25,34.05,35.2,1536,52771.45,28-SEP-2012,39,INE033C01019,
EMAMIINFRA,EQ,21.2,22,21.2,21.5,21.45,21.55,9258,200346.05,28-SEP-2012,143,INE778K01012,
EMAMILTD,EQ,504.95,505.55,493.25,498.4,495,498.85,898325,450031171.5,28-SEP-2012,4350,INE548C01032,
EMCO,EQ,30,30,29.1,29.2,29.3,29.55,69547,2055427.7,28-SEP-2012,404,INE078A01026,
EMKAY,EQ,32,32,30.25,30.6,31.25,30.65,6944,211972.5,28-SEP-2012,27,INE296H01011,
EMMBI,EQ,13.35,13.35,12.85,12.9,12.9,12.65,5373,69696.95,28-SEP-2012,28,INE753K01015,
EMPEESUG,EQ,9.6,9.65,9.1,9.45,9.45,9.3,1749,16483.45,28-SEP-2012,10,INE928B01012,
ENERGYDEV,EQ,29.9,31,29.1,29.65,29.6,29.3,6669,200636.35,28-SEP-2012,164,INE306C01019,
ENGINERSIN,EQ,238.95,239.5,235.5,236.3,236,236.95,112143,26515628.4,28-SEP-2012,1668,INE510A01028,
ENIL,EQ,243.5,258.8,240.15,245.9,248.35,245,32408,8101718.6,28-SEP-2012,1050,INE265F01028,
ENTEGRA,EQ,10.95,10.95,10.25,10.25,10.25,10.75,17107,176808,28-SEP-2012,69,INE826A01028,
EON,BE,28,29.25,27.45,27.85,27.45,28.85,5240,149496,28-SEP-2012,33,INE076H01025,
ERAINFRA,EQ,137.3,138.2,137,138.1,138.1,137.15,374473,51588165.2,28-SEP-2012,1906,INE039E01020,
EROSMEDIA,EQ,165,166.35,161.35,162.1,162.6,164.3,155033,25394529.35,28-SEP-2012,3188,INE416L01017,
ESABINDIA,EQ,456.95,458,450.75,453.5,458,452.25,2511,1138309.1,28-SEP-2012,62,INE284A01012,
ESCORTS,EQ,63.1,64.75,63.1,63.95,64,62.7,1058484,67784176.25,28-SEP-2012,6040,INE042A01014,
ESL,EQ,8.7,9.15,8.45,8.55,8.5,8.65,2225218,19333274.1,28-SEP-2012,2295,INE481K01013,
ESSAROIL,EQ,51.2,51.9,50.4,50.65,50.5,50.55,1260178,64364307.5,28-SEP-2012,8240,INE011A01019,
ESSARPORTS,EQ,89.85,94.3,88,92.45,92.45,88.65,86119,7971479.8,28-SEP-2012,579,INE282A01024,
ESSARSHPNG,EQ,26.55,27.3,26.55,26.9,26.95,26.4,41160,1110274.75,28-SEP-2012,219,INE122M01019,
ESSDEE,EQ,177,177.9,171,175.8,176,168.85,201422,35426259.25,28-SEP-2012,6685,INE825H01017,
ESSELPACK,EQ,31.6,33.45,31.6,32.5,32.5,31.8,40288,1320316.05,28-SEP-2012,295,INE255A01020,
ESTER,EQ,16.6,16.9,16.5,16.6,16.55,16.6,15350,255595.9,28-SEP-2012,136,INE778B01029,
EUROCERA,EQ,8.55,8.55,8.1,8.55,8.55,8.35,536,4472.8,28-SEP-2012,10,INE649H01011,
EUROMULTI,EQ,4.05,4.4,4.05,4.15,4.1,4.25,1303,5566.95,28-SEP-2012,17,INE063J01011,
EUROTEXIND,EQ,17,17.5,16.75,17.35,17.5,17.7,466,7883.2,28-SEP-2012,5,INE022C01012,
EVEREADY,EQ,19,19.4,18.9,18.9,19,18.75,367726,6995125.4,28-SEP-2012,780,INE128A01029,
EVERESTIND,EQ,206.45,212.95,204,211.65,210.7,204.65,58099,12218636.7,28-SEP-2012,1382,INE295A01018,
EVERONN,EQ,155,155,151.25,152.1,151.75,152.35,184106,28178874.4,28-SEP-2012,3586,INE678H01010,
EXCELCROP,EQ,137.1,140.3,135.55,137.95,138,137,8998,1248131.2,28-SEP-2012,285,INE223G01017,
EXCELINDUS,EQ,81,81,77.85,78.5,78.9,79.6,2321,184279.85,28-SEP-2012,201,INE369A01029,
EXCELINFO,BE,26.1,27.9,26.1,27.9,27.9,26.6,17964,496044.75,28-SEP-2012,72,INE688J01015,
EXIDEIND,EQ,148,156.9,148,153.3,153.75,147.55,2488486,383061730.65,28-SEP-2012,27868,INE302A01020,
FACT,EQ,31,31.5,30.05,30.2,30.05,30.5,100422,3069208.35,28-SEP-2012,495,INE188A01015,
FAGBEARING,EQ,1668.05,1799.85,1668.05,1774.25,1799.85,1694.4,11082,19600522,28-SEP-2012,571,INE513A01014,
FAME,BE,44,44,43.1,43.3,43.4,44,1875,81569.1,28-SEP-2012,24,INE886G01011,
FARMAXIND,EQ,0.8,0.8,0.7,0.7,0.75,0.75,1702389,1242149.05,28-SEP-2012,353,INE890I01035,
FCH,EQ,157.15,157.8,157.15,157.4,157.4,157.15,52233,8222048.75,28-SEP-2012,217,INE688I01017,
FCSSOFT,EQ,0.4,0.4,0.35,0.35,0.35,0.4,302862,113794.15,28-SEP-2012,105,INE512B01022,
FDC,EQ,89.5,90.3,88.15,89.5,90,89.25,87161,7767855.25,28-SEP-2012,994,INE258B01022,
FEDDERLOYD,EQ,52.05,52.45,51.2,51.55,51.7,51.45,7651,396458.4,28-SEP-2012,90,INE249C01011,
FEDERALBNK,EQ,443.85,449.9,440.95,446.95,446.75,440.3,373340,166612653.2,28-SEP-2012,7315,INE171A01011,
FIEMIND,EQ,151.55,176.1,151.55,173.1,173.05,173.8,10774,1884707.95,28-SEP-2012,445,INE737H01014,
FILATEX,EQ,32.1,33.05,32,32.05,32,31.35,1320,42824,28-SEP-2012,12,INE816B01019,
FINANTECH,EQ,939.5,979.8,939.5,975.4,979.1,936.15,501075,482611638.35,28-SEP-2012,15836,INE111B01023,
FINCABLES,EQ,42,42.25,41,41.2,41.5,41.75,49036,2040630.95,28-SEP-2012,463,INE235A01022,
FINPIPE,EQ,63,64,62.75,63.05,62.75,62.8,31769,2013063.5,28-SEP-2012,374,INE183A01016,
FIRSTLEASE,EQ,52,52,49.65,50.15,50.25,49.8,19683,985520.45,28-SEP-2012,197,INE492B01019,
FKONCO,EQ,91.4,93.5,89.3,90.65,90.9,89.6,172913,15772188.4,28-SEP-2012,2836,INE575G01010,
FLEXITUFF,EQ,207,207,193,196.25,195.1,197,31818,6280960.65,28-SEP-2012,334,INE060J01017,
FMGOETZE,EQ,206,206.95,202.3,204.85,202.3,202.3,2121,434348.05,28-SEP-2012,101,INE529A01010,
FMNL,EQ,23.65,29.15,23.6,29.15,29.15,24.3,44667,1277017.15,28-SEP-2012,137,INE360L01017,
FORTIS,EQ,105.05,105.5,102.55,102.9,103.4,105.25,191633,19843358.75,28-SEP-2012,2424,INE061F01013,
FOSECOIND,EQ,615,621,606.9,610,606.9,606.9,539,331452.2,28-SEP-2012,54,INE519A01011,
FOURSOFT,BE,8.5,8.95,8.15,8.7,8.7,8.55,13507,116817.35,28-SEP-2012,35,INE218G01017,
FSL,EQ,9.65,9.75,9.4,9.5,9.4,9.5,960356,9174559.85,28-SEP-2012,1228,INE684F01012,
FTFTF12CDV,MF,9.5,9.53,9.5,9.53,9.53,9.5,6802,64679,28-SEP-2012,3,INF090I01411,
FTFTF13ADV,MF,9,9,9,9,9,9.85,10000,90000,28-SEP-2012,1,INF090I01148,
FUTUREVENT,EQ,8.7,9.45,8.7,9.35,9.3,9.25,340590,3173514.2,28-SEP-2012,279,INE220J01017,
GABRIEL,EQ,25.9,25.95,25.3,25.4,25.3,25.7,45644,1172131,28-SEP-2012,339,INE524A01029,
GAEL,EQ,22.1,22.5,21.9,22,21.9,22.15,32659,722330.6,28-SEP-2012,198,INE036B01022,
GAIL,EQ,388.4,389,380.65,382.75,384,382.85,988785,380370138.5,28-SEP-2012,24516,INE129A01019,
GAL,EQ,12.9,13.2,12.5,12.7,12.7,12.8,5119,65232.55,28-SEP-2012,54,INE482J01013,
GALLANTT,EQ,27,27.9,26.85,27.2,27,27.05,46471,1273162.85,28-SEP-2012,293,INE297H01019,
GALLISPAT,EQ,52,52,50.05,51.95,52,50,35292,1833205.85,28-SEP-2012,20,INE528K01011,
GAMMNINFRA,EQ,14.95,15.05,14,15,15,14.7,290449,4278067.1,28-SEP-2012,844,INE181G01025,
GAMMONIND,EQ,47.1,49.45,47,47.85,47.55,46.65,106828,5152574.6,28-SEP-2012,850,INE259B01020,
GANDHITUBE,EQ,139.45,139.45,135.55,135.7,135.7,138,251,34049.45,28-SEP-2012,4,INE524B01027,
GANESHHOUC,EQ,75,75.9,73.45,73.9,73.5,75.25,33261,2491195.2,28-SEP-2012,634,INE460C01014,
GANGOTRI,EQ,2.9,2.95,2.75,2.8,2.95,2.85,30413,86807.75,28-SEP-2012,78,INE670B01028,
GARDENSILK,EQ,53.95,54.2,53,53.45,53.5,53.95,8035,429778.15,28-SEP-2012,185,INE526A01016,
GARWALLROP,EQ,49.3,50,49,49.25,49.25,49.5,4489,221462.15,28-SEP-2012,106,INE276A01018,
GATI,EQ,40.7,42.1,39.85,40.5,40.8,39.95,936532,38440835,28-SEP-2012,5549,INE152B01027,
GAYAPROJ,EQ,105,106.8,103,105.35,105.5,102.1,16430,1726532.4,28-SEP-2012,287,INE336H01015,
GDL,EQ,147.2,148.8,144.15,145.95,144.3,146,98713,14445229.8,28-SEP-2012,917,INE852F01015,
GEECEE,EQ,48.95,48.95,46.75,46.75,48.1,45.15,504,24258.95,28-SEP-2012,62,INE916G01016,
GEINDSYS,EQ,80.55,81,79.1,79.75,79.1,80.5,4780,383794.65,28-SEP-2012,131,INE599B01011,
GEMINI,EQ,8.35,8.55,8.1,8.25,8.4,8.4,32451,266888.8,28-SEP-2012,270,INE878C01033,
GENESYS,EQ,188.05,207.05,188.05,200.15,198.75,191.5,52145,10343556.75,28-SEP-2012,1924,INE727B01026,
GENUSPOWER,EQ,9,9.5,9,9.2,9.2,9.1,95279,885398.9,28-SEP-2012,271,INE955D01029,
GEODESIC,EQ,43.15,43.95,42.7,42.9,43,42.9,335009,14487776.05,28-SEP-2012,1914,INE371D01029,
GEOJITBNPP,EQ,21.15,22,21,21.85,21.9,21.5,143296,3125941.8,28-SEP-2012,560,INE007B01023,
GEOMETRIC,EQ,115.9,119.5,115.15,116.75,116.6,114.4,1957632,229648068.3,28-SEP-2012,24903,INE797A01021,
GESHIP,EQ,244.65,249,242.1,247.2,249,243.45,138367,33991508,28-SEP-2012,3680,INE017A01032,
GHCL,EQ,37.05,37.4,37.05,37.25,37.35,37,216590,8070321.5,28-SEP-2012,226,INE539A01019,
GICHSGFIN,EQ,96.4,97,95.2,95.65,96.1,95.45,112192,10790606.95,28-SEP-2012,1216,INE289B01019,
GILLANDERS,EQ,63.7,63.75,61.55,62.4,61.55,62.9,4265,267313.15,28-SEP-2012,85,INE047B01011,
GILLETTE,EQ,2125,2159.9,2103,2129.25,2145,2123.8,880,1880678.8,28-SEP-2012,159,INE322A01010,
GINNIFILA,EQ,6.1,6.4,6.05,6.05,6.05,6.05,1400,8685.1,28-SEP-2012,12,INE424C01010,
GIPCL,EQ,72.15,72.6,70.15,70.9,70.65,71.85,22872,1635655.55,28-SEP-2012,314,INE162A01010,
GITANJALI,EQ,349.65,354.5,345.5,348.15,346.05,345.55,613298,214397641.05,28-SEP-2012,3416,INE346H01014,
GKB,EQ,38.95,39.95,36.8,36.9,36.8,37,514,19596.4,28-SEP-2012,148,INE265D01015,
GKWLIMITED,EQ,400,409,400,400,400,400,123,49245,28-SEP-2012,10,INE528A01020,
GLAXO,EQ,1925,1995.95,1925,1981.05,1978.6,1958.05,20579,40412693.75,28-SEP-2012,1593,INE159A01016,
GLENMARK,EQ,420,427.8,418.05,420.95,421.95,421.2,442672,187097417.75,28-SEP-2012,30994,INE935A01035,
GLFL,EQ,2.65,2.65,2.55,2.6,2.6,2.6,652,1675.3,28-SEP-2012,5,INE540A01017,
GLOBALVECT,EQ,9.3,9.5,9.25,9.25,9.25,9.2,453,4205,28-SEP-2012,42,INE792H01019,
GLOBOFFS,EQ,76.95,78.8,75.2,78.15,78,76.95,20958,1622242.65,28-SEP-2012,551,INE446C01013,
GLOBUSSPR,EQ,114.8,115,111,111.4,111.5,113.8,86409,9746117.55,28-SEP-2012,1787,INE615I01010,
GLODYNE,EQ,88.8,89.4,81.5,82.2,82,85.2,173503,14732013,28-SEP-2012,1948,INE932G01021,
GLORY,EQ,3.1,3.35,2.85,3.1,3.15,3,747294,2319299.3,28-SEP-2012,300,INE408H01012,
GMBREW,EQ,78.05,81.9,77,79.95,79.1,80.3,2912,232623.4,28-SEP-2012,87,INE075D01018,
GMDCLTD,EQ,195.75,197.9,193.5,197.6,197.75,195.25,114103,22396351.95,28-SEP-2012,2114,INE131A01031,
GMRINFRA,EQ,24.4,25.4,24.4,24.8,24.9,24.1,12926657,323428261.65,28-SEP-2012,22620,INE776C01039,
GNFC,EQ,84.2,87.7,84,86.85,87.4,84.65,176340,15163255.7,28-SEP-2012,3435,INE113A01013,
GOACARBON,EQ,86.25,88.8,83,85.75,85.75,86.05,86268,7469770.25,28-SEP-2012,2356,INE426D01013,
GODFRYPHLP,EQ,3490,3520,3461.85,3490.25,3505,3490.4,1722,6024702.45,28-SEP-2012,273,INE260B01010,
GODREJCP,EQ,677.9,685,662,668.95,669,674,284521,190937340.7,28-SEP-2012,13119,INE102D01028,
GODREJIND,EQ,289,296.95,283.1,287.1,285.45,287.9,853715,249532101,28-SEP-2012,12574,INE233A01035,
GODREJPROP,EQ,594.85,607.7,591,596.85,593.3,588,37830,22728098.75,28-SEP-2012,4296,INE484J01019,
GOENKA,EQ,205.95,207.5,201.2,205.4,204,205.2,18200,3744334.2,28-SEP-2012,650,INE516K01016,
GOKEX,EQ,63.75,63.8,60.1,62.05,62.05,61.85,624,39504.95,28-SEP-2012,28,INE887G01027,
GOKUL,EQ,43.95,45,42.55,43.35,43.7,44.05,127666,5658038.4,28-SEP-2012,274,INE020J01029,
GOLDBEES,EQ,3008.5,3008.5,2989.05,2994.45,2996,2986.15,49635,148672461.95,28-SEP-2012,4129,INF732E01102,
GOLDENTOBC,EQ,35.7,35.7,34,34.35,34.25,34.4,2231,76798.25,28-SEP-2012,93,INE973A01010,
GOLDIAM,EQ,30.55,30.55,29.45,29.8,29.95,31,11465,342737.55,28-SEP-2012,104,INE025B01017,
GOLDINFRA,EQ,16.8,17.3,16.8,17.15,17.3,17,2876,48861.35,28-SEP-2012,1147,INE260D01016,
GOLDSHARE,EQ,3024.8,3095,3005,3008.85,3012,3006.6,4891,14742517.6,28-SEP-2012,811,INF789F01059,
GOLDTECH,EQ,5.9,5.9,5.8,5.8,5.85,5.8,15331,89663,28-SEP-2012,73,INE805A01014,
GPIL,EQ,122,125.1,122,122.4,123,120.85,27470,3384537.05,28-SEP-2012,677,INE177H01013,
GPPL,EQ,52,53.55,51.55,52.25,51.7,50.4,2307947,121188119.5,28-SEP-2012,2479,INE517F01014,
GRANULES,EQ,187.05,190.9,182.6,184.5,183.6,188.6,50368,9413364.5,28-SEP-2012,3256,INE101D01012,
GRAPHITE,EQ,82.5,83.5,80.2,80.95,80.9,82.35,98519,8011262.35,28-SEP-2012,502,INE371A01025,
GRASIM,EQ,3262.25,3348.5,3262.25,3314.25,3317,3252.6,83360,276165981.05,28-SEP-2012,5977,INE047A01013,
GRAVITA,EQ,171.85,172.2,165.3,170.4,170,170.7,88216,15004443.8,28-SEP-2012,1154,INE024L01027,
GREAVESCOT,EQ,75,79,74.25,78,76.95,74.6,574086,44310695.65,28-SEP-2012,4400,INE224A01026,
GREENPLY,EQ,201,201,192.6,193.35,194.5,192.5,1004,194993.8,28-SEP-2012,35,INE461C01020,
GREENPOWER,EQ,10.55,10.7,10.45,10.55,10.6,10.5,204074,2154322.65,28-SEP-2012,542,INE999K01014,
GRINDWELL,EQ,258,266.7,258,265.8,265,259.6,3935,1041128.75,28-SEP-2012,182,INE536A01023,
GRUH,EQ,201.35,210,200.95,207.2,207,200.65,126814,26179601.55,28-SEP-2012,2949,INE580B01029,
GSFC,EQ,78.8,80.6,76.95,79.9,80.05,78.4,456445,35930423.2,28-SEP-2012,6392,INE026A01025,
GSKCONS,EQ,2949.95,3025,2913.55,3001.6,3019,2913,24381,73013382.85,28-SEP-2012,3229,INE264A01014,
GSLNOVA,EQ,1.95,1.95,1.8,1.8,1.8,1.9,2393,4457.6,28-SEP-2012,11,INE787A01022,
GSPL,EQ,80.3,82.5,79.5,80.7,80.8,79.25,4203504,339064704.1,28-SEP-2012,12524,INE246F01010,
GSS,EQ,38.7,39.1,37.5,38,37.95,37.25,20341,771897.65,28-SEP-2012,166,INE871H01011,
GTL,EQ,28.7,32.65,28.6,31.4,31.6,28.45,4257069,133739734.05,28-SEP-2012,20024,INE043A01012,
GTLINFRA,EQ,8.1,9.25,8,8.85,8.8,8.15,4693233,41528949.65,28-SEP-2012,9770,INE221H01019,
GTNIND,EQ,8.55,9.35,8.55,8.95,9.35,8.6,6929,62070,28-SEP-2012,14,INE537A01013,
GTNTEX,EQ,7.45,8.1,7.45,7.6,7.6,7.85,901,6885.6,28-SEP-2012,10,INE302H01017,
GTOFFSHORE,EQ,103.5,106.9,103.05,103.55,103.55,102.25,409471,43030234.75,28-SEP-2012,4367,INE892H01017,
GUFICBIO,EQ,6.3,6.4,6.3,6.35,6.35,6.4,2000,12637.5,28-SEP-2012,8,INE742B01025,
GUJALKALI,EQ,132.15,133.5,130.5,133,133,132.3,14991,1989376.05,28-SEP-2012,382,INE186A01019,
GUJAPOLLO,EQ,139.7,141.9,137.1,137.75,138.4,139.7,7628,1056273.4,28-SEP-2012,245,INE826C01016,
GUJFLUORO,EQ,380.55,388.9,379.05,385.05,385,379.1,129662,49915372,28-SEP-2012,3522,INE538A01037,
GUJNRECOKE,EQ,18.95,19.1,18.55,18.7,18.7,18.4,710621,13309130.6,28-SEP-2012,3444,INE110D01013,
GUJNREDVR,EQ,12,12.35,12,12.1,12,12.05,13379,162320.15,28-SEP-2012,120,IN9110D01011,
GUJRATGAS,EQ,325,350.8,325,342.3,342.5,324.3,788022,269352784.8,28-SEP-2012,19024,INE374A01029,
GUJSIDHCEM,EQ,9.55,10.55,9.5,10.4,10.5,9.5,982488,10014437.75,28-SEP-2012,2295,INE542A01013,
GULFOILCOR,EQ,92,94,91.75,92.15,92,91.55,89098,8281024.8,28-SEP-2012,1030,INE077F01027,
GVKPIL,EQ,14.75,15,14.5,14.6,14.7,14.7,16693880,246571914.35,28-SEP-2012,16414,INE251H01024,
HALONIX,EQ,50,51,49.3,50.65,50.75,50.1,2669,135185.5,28-SEP-2012,59,INE455B01016,
HANUNG,EQ,122.45,124.4,121.5,122.1,122.1,121.7,98626,12116112.8,28-SEP-2012,2118,INE648H01013,
HARITASEAT,EQ,118.8,118.8,101.1,107,107,102.95,1564,168939.3,28-SEP-2012,27,INE939D01015,
HARRMALAYA,EQ,65.6,67.4,65,66.05,65.7,65.05,75388,5013006.05,28-SEP-2012,813,INE544A01019,
HATHWAY,EQ,223,231.85,219,226.5,227.5,221.85,522752,119013566.15,28-SEP-2012,10241,INE982F01028,
HAVELLS,EQ,621.3,634.4,621.05,624.5,625.4,617.35,254862,160189786.95,28-SEP-2012,7456,INE176B01026,
HBLPOWER,EQ,16,16.25,15.65,15.75,15.65,15.95,24511,387795.15,28-SEP-2012,102,INE292B01021,
HBSTOCK,EQ,11.2,11.7,11.1,11.2,11.2,10.7,3027,34525.9,28-SEP-2012,14,INE550B01014,
HCC,EQ,18.05,18.45,17.9,17.95,18.15,17.85,3967944,72134860.65,28-SEP-2012,9831,INE549A01026,
HCIL,EQ,30.5,31,29.6,29.7,29.65,29.9,18186,543446.65,28-SEP-2012,130,INE019C01026,
HCL-INSYS,EQ,43.9,44.25,43.15,43.35,43.3,43.25,285147,12391640.75,28-SEP-2012,1859,INE236A01020,
HCLTECH,EQ,587.45,587.45,572.55,577.45,576,583.45,817286,473969421.75,28-SEP-2012,24425,INE860A01027,
HDFC,EQ,764.9,778.9,763.05,774.4,770.8,761.25,2886552,2231856124.65,28-SEP-2012,35784,INE001A01036,
HDFCBANK,EQ,631.9,634.3,626.1,629.15,627.7,630.8,2751922,1732487579.7,28-SEP-2012,58319,INE040A01026,
HDFCMFGETF,EQ,3102,3120.05,3100.05,3109.65,3120,3096.7,2651,8248835.2,28-SEP-2012,472,INF179K01CN1,
HDIL,EQ,100,102.05,96.1,97.4,97,99.75,27931460,2761641676.45,28-SEP-2012,104683,INE191I01012,
HEG,EQ,216,217,210.7,211.9,212.5,215.4,12440,2662845.35,28-SEP-2012,514,INE545A01016,
HEIDELBERG,BE,47.6,49.3,47.6,48.9,48.9,47.6,316776,15355231.3,28-SEP-2012,1478,INE578A01017,
HELIOSMATH,EQ,36.8,37.4,35.5,36.4,36.3,36.4,122639,4489231.95,28-SEP-2012,884,INE674B01012,
HERCULES,EQ,134.85,135.7,133.5,133.95,134.2,134.15,46048,6196115.05,28-SEP-2012,1053,INE688E01024,
HERITGFOOD,EQ,289.85,340,288,302.3,303.5,289.85,454902,143168523.25,28-SEP-2012,9526,INE978A01019,
HEROMOTOCO,EQ,1890,1910.7,1871,1880.3,1872,1876.3,300496,567311663.2,28-SEP-2012,25255,INE158A01026,
HEXATRADEX,EQ,24,28.45,24,26.95,26.85,26.15,14947,412760.5,28-SEP-2012,217,INE750M01017,
HEXAWARE,EQ,121.1,123.3,120.15,121.8,122,119.85,2452018,298381638.25,28-SEP-2012,24584,INE093A01033,
HFCL,EQ,11.35,11.55,11.2,11.25,11.25,11.3,807114,9186245.8,28-SEP-2012,1327,INE548A01028,
HGS,EQ,310.1,317.5,310,316.3,317.4,310.1,2914,914167.35,28-SEP-2012,151,INE170I01016,
HIKAL,EQ,433.8,441.85,424.2,435.15,435,427.9,20974,9147726,28-SEP-2012,1152,INE475B01014,
HILTON,EQ,11.15,12,10.8,11.75,12,12,3620,41871.9,28-SEP-2012,48,INE788H01017,
HIMATSEIDE,EQ,33.05,34.35,32.7,33.9,34.15,34,225301,7580578.2,28-SEP-2012,461,INE049A01027,
HINDALCO,EQ,118,121.9,117.65,120.7,120.8,116.5,10678473,1287667544.45,28-SEP-2012,57152,INE038A01020,
HINDCOMPOS,EQ,380,383,370.15,374.05,383,380,179,67043.3,28-SEP-2012,41,INE310C01011,
HINDCOPPER,EQ,264.65,267.85,262.2,263.05,263.2,263.65,109880,29126809.1,28-SEP-2012,2464,INE531E01026,
HINDDORROL,EQ,26,26.8,25.8,26.3,26.25,25.85,88231,2321352.9,28-SEP-2012,528,INE551A01022,
HINDMOTORS,EQ,10,10.25,10,10.05,10.05,9.95,135397,1366819.85,28-SEP-2012,371,INE253A01025,
HINDNATGLS,EQ,201.9,201.9,198.1,200,200,201.95,273,54339.55,28-SEP-2012,16,INE952A01022,
HINDOILEXP,EQ,118,119.2,114.9,116.3,118,117.1,646795,75799149.15,28-SEP-2012,7591,INE345A01011,
HINDPETRO,EQ,306.5,309.85,301.5,307.9,308.85,305.25,1213670,371371842.2,28-SEP-2012,11131,INE094A01015,
HINDUJAFO,EQ,55,55,51.8,52,52,52.5,3193,166194.75,28-SEP-2012,25,INE291F01016,
HINDUJAVEN,EQ,390,408,390,399.5,393.65,393.85,16686,6666517.05,28-SEP-2012,225,INE353A01023,
HINDUNILVR,EQ,538.25,549,536.55,545.85,545.95,537.75,2379138,1298175786.6,28-SEP-2012,43947,INE030A01027,
HINDZINC,EQ,131.85,137.5,131.15,136,136.85,130.4,965840,129896585.2,28-SEP-2012,12568,INE267A01025,
HIRAFERRO,EQ,20.1,21,20,21,21,19.95,932,19053.5,28-SEP-2012,9,INE573I01011,
HIRECT,EQ,47.8,48.5,47.65,48.2,48.2,48.2,1328,63649.45,28-SEP-2012,19,INE835D01023,
HITACHIHOM,EQ,127,131.35,124.6,127.5,128,125.05,75949,9765723.9,28-SEP-2012,1772,INE782A01015,
HITECHGEAR,EQ,99.1,103.95,98.2,102.85,101.3,99.95,3298,333910.45,28-SEP-2012,141,INE127B01011,
HITECHPLAS,EQ,56.6,57,56.25,56.95,56.95,56.5,2153,121996,28-SEP-2012,12,INE120D01012,
HMT,EQ,44.5,44.95,43.4,43.5,43.5,44.3,199146,8798048.75,28-SEP-2012,1415,INE262A01018,
HMVL,EQ,124.45,126,122,124.2,126,121.6,51789,6473039.9,28-SEP-2012,105,INE871K01015,
HNGSNGBEES,EQ,1486.01,1525,1482,1483.54,1499,1500,1077,1596271.7,28-SEP-2012,27,INF732E01227,
HOCL,EQ,19.55,19.8,19,19.1,19,19.4,143748,2798343.95,28-SEP-2012,233,INE048A01011,
HONAUT,EQ,2824,2898,2749.45,2854.15,2870,2808.5,4256,12094174.65,28-SEP-2012,524,INE671A01010,
HONDAPOWER,EQ,516.1,516.1,509.2,512.45,509.2,508,1031,529411.5,28-SEP-2012,85,INE634A01018,
HORIZONINF,EQ,244.95,252,237,241.2,237,239.95,29515,7152055.95,28-SEP-2012,235,INE429F01012,
HOTELEELA,EQ,29,31.3,29,30.75,30.7,29.7,643620,19686082.05,28-SEP-2012,2836,INE102A01024,
HOTELRUGBY,EQ,35.3,35.3,32,33,32,33.65,209537,7058032.1,28-SEP-2012,247,INE275F01019,
HOVS,EQ,31.6,34.6,31.6,32.95,32.9,31.85,46617,1562158.55,28-SEP-2012,616,INE596H01014,
HSIL,EQ,132.5,135.8,130.55,132.5,130.8,132.05,65892,8799339.7,28-SEP-2012,1285,INE415A01038,
HTMEDIA,EQ,93.95,94.4,91.3,93.05,92.85,91.05,13015,1215759.1,28-SEP-2012,384,INE501G01024,
HUBTOWN,EQ,178.4,178.4,168,170.3,170.6,174.65,6960,1183397.9,28-SEP-2012,249,INE703H01016,
HUDCO,N2,1082.5,1085.25,1082.5,1084.97,1084.8,1080.21,4167,4521257.87,28-SEP-2012,39,INE031A07840,
HUDCO,N3,1079.99,1080,1066,1068.62,1069.99,1060.43,1601,1713751.02,28-SEP-2012,34,INE031A07832,
HYDRBADIND,EQ,496.95,500,486,494.45,492,494.75,18801,9301643.45,28-SEP-2012,871,INE557A01011,
HYDROS&S,EQ,13.7,15,13.7,14,13.9,13.7,6787,96375.45,28-SEP-2012,391,INE473D01015,
IBIPL,EQ,6.7,6.7,6.25,6.45,6.35,6.4,2484466,16397503.7,28-SEP-2012,2767,INE834M01019,
IBPOW,EQ,13.85,14.1,13.4,13.45,13.5,13.65,1698028,23420084.85,28-SEP-2012,3774,INE399K01017,
IBREALEST,EQ,59,60.9,57.1,57.65,57.75,58.7,6262366,368900439.55,28-SEP-2012,30265,INE069I01010,
IBSEC,EQ,8.15,8.85,8.15,8.4,8.35,8.4,167299,1432874.95,28-SEP-2012,430,INE274G01010,
IBWSL,EQ,9,9.4,8.55,8.7,8.55,9,33457,297535.1,28-SEP-2012,141,INE126M01010,
ICICIBANK,EQ,1063,1073.6,1053.85,1058.8,1062,1055.35,4152852,4422677668.35,28-SEP-2012,98353,INE090A01013,
ICIL,EQ,8.2,8.5,8,8.5,8.5,8.5,238,1907.9,28-SEP-2012,14,INE483B01018,
ICRA,EQ,1245,1398,1208,1299.55,1320,1236.1,15899,20296990,28-SEP-2012,1521,INE725G01011,
ICSA,EQ,16,16.15,15.7,15.8,15.8,15.75,168575,2683592.9,28-SEP-2012,721,INE306B01029,
IDBI,EQ,99.25,102.3,99.05,100.05,100.4,99.4,2381666,241133963.7,28-SEP-2012,18786,INE008A01015,
IDBIGOLD,EQ,3143,3143,3094,3115.65,3115,3115.3,699,2175714.95,28-SEP-2012,101,INF397L01554,
IDEA,EQ,85.6,86.7,84.3,85.3,85.6,85.95,929400,79295821.8,28-SEP-2012,10334,INE669E01016,
IDFC,EQ,157.5,160.25,153.8,154.45,154.2,156.35,6280602,986364562.5,28-SEP-2012,35879,INE043D01016,
IFBAGRO,EQ,153.5,164.9,149,160.35,160.1,146.75,61951,9724953.5,28-SEP-2012,1972,INE076C01018,
IFBIND,EQ,90.1,91.65,89.4,89.9,89.65,90.15,9348,848782.7,28-SEP-2012,316,INE559A01017,
IFCI,EQ,31.1,31.8,30.7,31,31,31,12298257,385372298.55,28-SEP-2012,36614,INE039A01010,
IFGLREFRAC,EQ,53,53.5,51.25,51.85,52.3,51.1,14739,773848.9,28-SEP-2012,431,INE023B01012,
IGARASHI,EQ,76,79.5,76,77.25,77.7,76.65,3612,279360.4,28-SEP-2012,192,INE188B01013,
IGL,EQ,263.5,271.9,262.45,264.75,265.5,261.2,1568862,419494642.3,28-SEP-2012,19392,INE203G01019,
IGPL,EQ,39,40.95,37.7,39.35,39.75,38.95,1842,71734.3,28-SEP-2012,95,INE204A01010,
IIFLFIN,N1,1025.01,1130,1025.01,1050,1050,1052.09,159,169766.65,28-SEP-2012,16,INE866I07206,
IIFLFIN,N3,1003,1003,1003,1003,1003,1000,10,10030,28-SEP-2012,2,INE866I07222,
IIFLFIN,N4,1016.1,1018.01,1016.05,1018,1018,1016.06,1060,1078797.89,28-SEP-2012,26,INE866I07230,
IIFLFIN,N5,1002.51,1005.75,1002.05,1004.65,1005.75,1003.18,2397,2405471.54,28-SEP-2012,149,INE866I08139,
IIFLFIN,N6,1001,1001.5,1000,1001.5,1001.5,1000,380,380093.5,28-SEP-2012,6,INE866I08147,
IIFLFIN,N7,1019,1019,1001,1003.43,1002.25,1003.43,128,128288.96,28-SEP-2012,15,INE866I08154,
IIFLFMPS1G,MF,10.01,10.01,10.01,10.01,10.01,10,500,5005,28-SEP-2012,1,INF579M01027,
IIFLNIFTY,EQ,574.45,578.05,574.4,575.37,575.3,571.4,25352,14586514,28-SEP-2012,213,INF579M01019,
IITL,EQ,159.95,159.95,157.2,157.2,157.2,155.3,98,15499.1,28-SEP-2012,2,INE886A01014,
IL&FSENGG,EQ,62.5,66.25,61.75,63.35,63.15,60.95,254546,16369153.75,28-SEP-2012,2334,INE369I01014,
IL&FSTRANS,EQ,191,196.6,186.55,194.55,193.5,189.15,148309,28722707,28-SEP-2012,4096,INE975G01012,
IMFA,EQ,250.3,257.25,247.55,256.1,257,250.3,277,70803.45,28-SEP-2012,30,INE919H01018,
IMPAL,EQ,414.95,417.95,409,413.05,413.95,411.35,2010,830116.05,28-SEP-2012,188,INE547E01014,
IMPEXFERRO,EQ,5.8,6.05,5.75,5.85,6.05,5.8,1069,6200.45,28-SEP-2012,8,INE691G01015,
INDBANK,EQ,6.1,7.3,6.1,6.7,7.3,6.1,48440,318388,28-SEP-2012,159,INE841B01017,
INDHOTEL,EQ,64.45,67.9,64.15,67.3,67,63.35,3074659,203228686.75,28-SEP-2012,15253,INE053A01029,
INDIABULLS,EQ,209.75,218.55,209.55,213.95,214,207.95,1264839,271508638.9,28-SEP-2012,14092,INE894F01025,
INDIACEM,EQ,97.35,97.95,94.2,94.9,94.65,96.4,1867049,179906036,28-SEP-2012,17598,INE383A01012,
INDIAGLYCO,EQ,183.3,187.8,181.15,182.05,181.45,183.95,73317,13511037.85,28-SEP-2012,1267,INE560A01015,
INDIAINFO,EQ,58.9,59.15,57.2,57.7,57.9,57.9,145155,8452069.45,28-SEP-2012,863,INE530B01024,
INDIANB,EQ,187.55,194.9,187.5,193.35,193,186.6,236703,45275677.45,28-SEP-2012,4659,INE562A01011,
INDIANCARD,EQ,111.1,113.25,111.1,112.6,112.6,111.3,244,27202.25,28-SEP-2012,13,INE061A01014,
INDIANHUME,EQ,111,111,107,109.25,110.9,109,2243,243941.2,28-SEP-2012,111,INE323C01030,
INDLMETER,EQ,48.5,51.3,48.5,51,51.3,48.95,1708,86115.85,28-SEP-2012,91,INE065B01013,
INDNIPPON,EQ,191.9,193.5,190,190.7,190.7,191.8,770,146804.7,28-SEP-2012,92,INE092B01017,
INDOCO,EQ,69.8,70.2,68.4,69.5,69,69.6,57538,3994045.2,28-SEP-2012,693,INE873D01024,
INDORAMA,EQ,22.8,23.25,22.8,22.8,22.8,22.95,28954,669136.15,28-SEP-2012,185,INE156A01020,
INDOSOLAR,EQ,4.6,4.8,4.6,4.6,4.65,4.8,355650,1643153.35,28-SEP-2012,484,INE866K01015,
INDOTECH,EQ,98.45,98.45,89.25,91.05,90.95,90.5,4457,414168.75,28-SEP-2012,169,INE332H01014,
INDOTHAI,EQ,10.9,13.3,10.75,12.8,13,11.1,260205,3249652.75,28-SEP-2012,453,INE337M01013,
INDOWIND,EQ,4.15,4.15,4.05,4.1,4.1,4.05,287512,1178880.45,28-SEP-2012,341,INE227G01018,
INDRAMEDCO,EQ,34.35,34.45,34.1,34.15,34.3,34.1,12203,417875.05,28-SEP-2012,119,INE681B01017,
INDSWFTLAB,EQ,53.7,53.85,51.85,52.05,52,52.95,75488,3980976.45,28-SEP-2012,945,INE915B01019,
INDSWFTLTD,EQ,18.25,18.45,17.75,17.85,17.75,18.15,15304,274282,28-SEP-2012,108,INE788B01028,
INDTERRAIN,EQ,63.65,65,62.65,65,65,67,210,13517.2,28-SEP-2012,11,INE611L01013,
INDUSFILA,EQ,12.6,13.45,12.55,12.7,12.95,12.85,423,5607.7,28-SEP-2012,11,INE025I01012,
INDUSINDBK,EQ,344.2,357,344.15,355.3,356,343.3,969469,341117325.7,28-SEP-2012,12900,INE095A01012,
INFINITE,EQ,126,136.5,125.1,133.85,133.1,127,105271,14052274.45,28-SEP-2012,3618,INE486J01014,
INFODRIVE,EQ,12.65,12.75,11.8,12.05,12,11.75,299055,3678298.45,28-SEP-2012,906,INE804D01011,
INFOMEDIA,BE,6.1,6.3,5.95,5.95,5.95,6.25,16215,97665.55,28-SEP-2012,77,INE669A01022,
INFOTECENT,EQ,190.7,193.85,188.6,191.3,192.9,188.45,15346,2939692.65,28-SEP-2012,1515,INE136B01020,
INFRABEES,EQ,259.95,263.9,255,261.36,263.9,251.98,450,116845.7,28-SEP-2012,31,INF732E01268,
INFY,EQ,2561,2579.9,2526.2,2534.95,2537,2549.35,1210653,3090021914.05,28-SEP-2012,57823,INE009A01021,
INGERRAND,EQ,488.05,509,480.4,497.4,497,483.05,30881,15426960.55,28-SEP-2012,948,INE177A01018,
INGVYSYABK,EQ,398.1,414.95,396,407,408.05,399.7,165717,67136946.1,28-SEP-2012,2222,INE166A01011,
INNOIND,EQ,120.15,123.45,118.3,119.7,118.5,123.45,6220,752087.95,28-SEP-2012,122,INE549I01011,
INOXLEISUR,EQ,61.95,63.5,61.2,62.25,61.85,60.1,212827,13273995.65,28-SEP-2012,2357,INE312H01016,
INSECTICID,EQ,416.3,418.4,412.3,415.05,414,412.3,65630,27260756.55,28-SEP-2012,478,INE070I01018,
INVENTURE,EQ,14,15.4,14,15.4,15.4,14,476225,7125923.45,28-SEP-2012,738,INE878H01016,
IOB,EQ,77.5,79.25,77.5,78.3,78.45,77.35,1057686,83158669.65,28-SEP-2012,6701,INE565A01014,
IOC,EQ,248.8,253.4,248.8,250.5,250.3,248.8,428277,107401126.45,28-SEP-2012,7738,INE242A01010,
IOLCP,EQ,24.15,26.9,24.15,25.8,26.45,26,7384,191419.3,28-SEP-2012,44,INE485C01011,
IOLN,EQ,4.9,4.9,4.55,4.6,4.6,4.75,4291,19973.3,28-SEP-2012,19,INE517C01011,
IPCALAB,EQ,474.95,496,463.05,484.25,489,475.3,304321,144080236.05,28-SEP-2012,7233,INE571A01020,
IPGETF,EQ,3090.05,3120,3080,3082.9,3080,3095.65,218,673699,28-SEP-2012,80,INF109K01FV4,
IPRINGLTD,EQ,48.95,49,48,48,48,47.6,1761,86058.95,28-SEP-2012,6,INE558A01019,
IRB,EQ,153,157.9,150.8,152.05,151.95,152.85,2869277,443969400.05,28-SEP-2012,24932,INE821I01014,
IRFC,N1,1025,1026.99,1024,1024.72,1024.55,1024.53,4429,4538812.43,28-SEP-2012,57,INE053F07520,
IRFC,N2,1037,1039.3,1034.01,1037.97,1037.98,1037.37,6997,7254609.47,28-SEP-2012,69,INE053F07538,
ISFT,EQ,53.8,53.8,51.05,52,52,53,218,11328.75,28-SEP-2012,19,INE566K01011,
ISMTLTD,EQ,23.4,23.85,23.4,23.55,23.4,23.45,64469,1525909.55,28-SEP-2012,221,INE732F01019,
ITC,EQ,266.5,272.85,266.1,272.4,271.2,266.95,9445974,2560977818.05,28-SEP-2012,77822,INE154A01025,
ITDCEM,EQ,255,255,245.9,248.5,246,252.1,1758,438269.35,28-SEP-2012,166,INE686A01018,
ITI,EQ,24.5,24.55,23.6,23.75,23.8,24.25,151699,3648391.6,28-SEP-2012,840,INE248A01017,
IVC,EQ,25.95,26.25,25.3,26.05,26,25.65,52741,1371432.1,28-SEP-2012,223,INE050B01023,
IVP,EQ,42,42,42,42,42,40.5,2,84,28-SEP-2012,2,INE043C01018,
IVRCLINFRA,EQ,47.1,48.55,46.05,46.45,46.6,46.85,11761154,557939412.6,28-SEP-2012,39118,INE875A01025,
J&KBANK,EQ,928,940,925.05,932.7,932.5,923.25,264910,247074478.2,28-SEP-2012,4956,INE168A01017,
JAGRAN,EQ,91.5,93.3,91.1,92.55,93,91.1,31893,2942183.1,28-SEP-2012,924,INE199G01027,
JAGSNPHARM,EQ,13.5,13.9,13,13.05,13.2,13.8,15166,200880.65,28-SEP-2012,85,INE048B01027,
JAIBALAJI,BE,38,38,35.55,36.6,36.2,37.4,5642,205957.5,28-SEP-2012,37,INE091G01018,
JAICORPLTD,EQ,65.1,65.8,62.65,63.1,63.35,64.6,1668186,107324042.65,28-SEP-2012,12491,INE070D01027,
JAIHINDPRO,EQ,114.45,115.5,111.35,112.6,113.8,115.4,3585,413501.95,28-SEP-2012,19,INE343D01010,
JAINSTUDIO,BE,7.1,7.1,7.1,7.1,7.1,6.8,400,2840,28-SEP-2012,2,INE486B01011,
JAMNAAUTO,EQ,117.5,121,116.1,118,119,118.3,595,70438.65,28-SEP-2012,48,INE039C01016,
JAYAGROGN,EQ,139.1,147.9,139.1,141.65,140,140.25,17697,2550993.4,28-SEP-2012,942,INE785A01026,
JAYBARMARU,EQ,57.5,61,57.5,59.15,59.15,58.2,2631,157493.2,28-SEP-2012,27,INE571B01028,
JAYNECOIND,EQ,11,11.5,11,11.1,11.15,11,60393,676332.2,28-SEP-2012,320,INE854B01010,
JAYSREETEA,EQ,94.4,95,91.3,91.8,91.8,92.65,158930,14821785.5,28-SEP-2012,2075,INE364A01020,
JBCHEPHARM,EQ,76.5,76.75,73.5,74,74.15,76.05,124552,9304919.15,28-SEP-2012,1334,INE572A01028,
JBFIND,EQ,145,147.5,141.1,142.75,143.75,141.35,110839,15993383.65,28-SEP-2012,1611,INE187A01017,
JBMA,EQ,61.2,64,61.2,64,64,61.8,202,12368,28-SEP-2012,3,INE927D01010,
JCTEL,EQ,0.8,0.8,0.7,0.7,0.7,0.75,26210,19608.4,28-SEP-2012,14,INE264B01020,
JDORGOCHEM,EQ,3,3,2.8,2.85,2.85,2.9,6226,17716.6,28-SEP-2012,17,INE263B01022,
JENSONICOL,EQ,4.25,4.3,4.1,4.1,4.1,4.2,20464,86219.05,28-SEP-2012,57,INE819B01021,
JETAIRWAYS,EQ,352,356.8,343.25,345,344.4,348.85,968466,339072786.8,28-SEP-2012,18492,INE802G01018,
JHS,EQ,30.9,31,29.5,30,30,30.7,42601,1283535.6,28-SEP-2012,429,INE544H01014,
JIKIND,EQ,4,4.55,4,4,4,4.05,6025,25068.2,28-SEP-2012,22,INE026B01049,
JINDALPHOT,EQ,132,136.4,131,131.85,131.8,130.9,27980,3748277.4,28-SEP-2012,1023,INE796G01012,
JINDALPOLY,EQ,178.3,186,178.3,181.9,181.35,176.85,136595,25012391.65,28-SEP-2012,3828,INE197D01010,
JINDALSAW,EQ,116.8,120,114.8,118.8,117.8,114.25,892528,105866314.45,28-SEP-2012,6560,INE324A01024,
JINDALSTEL,EQ,432.7,443.85,425.85,427.15,426.35,425.3,3800215,1650800967.15,28-SEP-2012,59510,INE749A01030,
JINDALSWHL,EQ,632.05,659.85,630,636.1,635,626.85,281666,182103812.2,28-SEP-2012,12013,INE824G01012,
JINDCOT,EQ,54,54.7,52.75,53.25,53.6,54.2,9031,484806.9,28-SEP-2012,135,INE904J01016,
JINDRILL,EQ,274.95,285,271,274.55,273.75,273.6,3920,1095480.8,28-SEP-2012,406,INE742C01031,
JINDWORLD,EQ,94,101.95,91.2,98.6,97.5,96.3,6097,602078.15,28-SEP-2012,119,INE247D01013,
JISLDVREQS,EQ,36.15,38.7,35.3,35.65,35.5,36.25,58008,2088916.35,28-SEP-2012,1925,IN9175A01010,
JISLJALEQS,EQ,71.2,72.4,69.5,69.7,69.7,71.1,2171542,153675144.75,28-SEP-2012,15229,INE175A01038,
JKCEMENT,EQ,250.7,256.7,247,252.05,251.95,248,550535,139389534.65,28-SEP-2012,7205,INE823G01014,
JKIL,EQ,213,216,208,214.7,211,213.65,7738,1657775.9,28-SEP-2012,143,INE576I01014,
JKLAKSHMI,EQ,110,115,106.55,114.3,115,108.65,652355,73264862.95,28-SEP-2012,5846,INE786A01032,
JKPAPER,EQ,35,35.5,35,35.3,35.35,34.95,43662,1542359.1,28-SEP-2012,208,INE789E01012,
JKTYRE,EQ,108,110.6,107,108.55,109,107.85,90137,9845902.25,28-SEP-2012,1400,INE573A01034,
JMCPROJECT,EQ,109,111.5,108.25,110.85,110.1,109.3,2114,232641.3,28-SEP-2012,81,INE890A01016,
JMFINANCIL,EQ,15.5,16.05,15.45,15.6,15.55,15.4,1780422,28124246.2,28-SEP-2012,2575,INE780C01023,
JMTAUTOLTD,EQ,52.7,56.05,52.7,54.15,54.15,53.6,15124,846894.4,28-SEP-2012,26,INE988E01010,
JOCIL,EQ,123.8,127,122,126.2,126.25,120.4,11274,1408025.3,28-SEP-2012,173,INE839G01010,
JPASSOCIAT,EQ,82,84.45,81.7,82.25,82.5,80.55,15926449,1324311770.9,28-SEP-2012,68987,INE455F01025,
JPINFRATEC,EQ,54.4,54.75,51.1,51.8,52,53.75,977463,51407888.65,28-SEP-2012,7413,INE099J01015,
JPPOWER,EQ,34.8,35.9,34.6,35.25,35.3,34.25,1265562,44655963.4,28-SEP-2012,5218,INE351F01018,
JSL,EQ,68.95,69.25,67.5,67.7,67.9,68.7,69313,4726110.2,28-SEP-2012,889,INE220G01021,
JSWENERGY,EQ,60.2,61.95,60.2,60.75,60.8,59.85,1872616,114439843.95,28-SEP-2012,10563,INE121E01018,
JSWISPAT,EQ,9.75,10.1,9.7,10,9.95,9.65,5256282,52408810.65,28-SEP-2012,3162,INE136A01022,
JSWISPAT,P1,4,4.05,4,4,4.05,4,74010,296405.25,28-SEP-2012,52,INE136A04034,
JSWSTEEL,EQ,740,767.45,740,756.95,757,738.65,1632441,1237217628.15,28-SEP-2012,37279,INE019A01020,
JUBILANT,EQ,217.8,223.7,210.1,211.5,211.7,216.3,154522,33428388.15,28-SEP-2012,3575,INE700A01033,
JUBLFOOD,EQ,1350,1397.4,1346.15,1372.7,1368.25,1346.25,480658,662363999.15,28-SEP-2012,21917,INE797F01012,
JUBLINDS,EQ,166.2,174.9,159.25,161.55,160.2,164.65,40528,6711045.9,28-SEP-2012,1980,INE645L01011,
JUMBO,EQ,10.3,10.3,9.8,10,10,9.5,1130,11204.5,28-SEP-2012,100,INE699D01015,
JUNIORBEES,EQ,108.93,110.5,108.93,109.43,109.4,108.03,13536,1487553.56,28-SEP-2012,204,INF732E01045,
JUPITER,BE,6.1,6.25,6,6.05,6.05,6.05,35335,215439.15,28-SEP-2012,98,INE918B01013,
JVLAGRO,EQ,14.3,14.9,14.3,14.8,14.9,14.5,17066,248863.05,28-SEP-2012,154,INE430G01026,
JYOTHYLAB,EQ,166.75,166.8,158.35,159.75,159,164.3,123468,19957387.2,28-SEP-2012,3540,INE668F01031,
JYOTISTRUC,EQ,47.7,48.45,46.6,46.95,47.1,46.75,357857,16942195.05,28-SEP-2012,1651,INE197A01024,
KABRAEXTRU,EQ,32.5,32.6,31.8,31.9,31.9,31.5,7815,251418.3,28-SEP-2012,66,INE900B01029,
KAJARIACER,EQ,190,199.7,190,196.45,196.5,191.75,449918,87448385.4,28-SEP-2012,1853,INE217B01028,
KAKATCEM,EQ,90,94.4,90,91.6,91.3,89.65,11322,1044762.6,28-SEP-2012,154,INE437B01014,
KALINDEE,EQ,79,79.45,77.45,77.95,77.7,77.65,73884,5793172.25,28-SEP-2012,1162,INE178D01010,
KALPATPOWR,EQ,87.9,89.9,85.7,87.7,87.75,85.25,268306,23681794.6,28-SEP-2012,3464,INE220B01022,
KALYANIFRG,BE,170,178,170,178,178,175,60,10280,28-SEP-2012,3,INE314G01014,
KAMATHOTEL,EQ,126,128.35,126,127.5,128,125.05,5973,758967.35,28-SEP-2012,218,INE967C01018,
KANANIIND,BE,184.9,185.45,179.75,181,181,177.5,12283,2225923.55,28-SEP-2012,130,INE879E01029,
KANORICHEM,EQ,36.2,36.2,34.65,35.65,35.65,35.7,19172,684980.9,28-SEP-2012,65,INE138C01024,
KANSAINER,EQ,917.3,940,915.6,934.4,930,916.05,9255,8612380.05,28-SEP-2012,598,INE531A01016,
KARMAENG,EQ,11.5,11.5,11.1,11.1,11.1,11.6,732,8365.2,28-SEP-2012,4,INE725L01011,
KARURKCP,EQ,26.5,29.8,26.1,27.6,27.6,28.4,2152,61172.4,28-SEP-2012,86,INE727F01019,
KARURVYSYA,EQ,408.45,414,406.5,411.1,411,406.25,112193,46153567.85,28-SEP-2012,2117,INE036D01010,
KAUSHALYA,EQ,8.45,9,8.45,8.6,8.6,8.7,1886,16290.15,28-SEP-2012,29,INE234I01010,
KAVVERITEL,EQ,147.95,147.95,141,146.5,146.2,140.95,87763,12899093.85,28-SEP-2012,1344,INE641C01019,
KBIL,EQ,820,839,816,818.2,839,818,289,235985,28-SEP-2012,14,INE920K01010,
KCP,EQ,35.95,35.95,33.55,33.8,33.95,34.55,30368,1043363.2,28-SEP-2012,234,INE805C01028,
KCPSUGIND,EQ,19,19.35,18.9,19.1,19,18.95,65262,1247950.1,28-SEP-2012,177,INE790B01024,
KEC,EQ,69,74.6,68.35,73.4,74.4,70.9,293237,21141002.9,28-SEP-2012,3162,INE389H01022,
KECL,EQ,26.8,29.7,26.65,29.05,29,27,31893,907755,28-SEP-2012,176,INE134B01017,
KEI,EQ,17.3,17.3,16.7,16.8,16.75,16.95,43151,730459.65,28-SEP-2012,148,INE878B01027,
KEMROCK,EQ,89,89.95,87,87,87,91.55,52764,4605419.35,28-SEP-2012,522,INE990B01012,
KERNEX,EQ,56.5,57.25,55.4,55.85,56,55.2,72650,4090444.85,28-SEP-2012,918,INE202H01019,
KESARENT,EQ,46.4,46.6,45.1,45.1,45.1,44.6,1033,46637.3,28-SEP-2012,14,INE133B01019,
KESORAMIND,EQ,141.95,149.4,138.6,144.65,143.5,137.9,190723,27665886.15,28-SEP-2012,3546,INE087A01019,
KFA,EQ,16.7,16.85,16.15,16.15,16.15,16.95,5280223,85570120.75,28-SEP-2012,6563,INE438H01019,
KGL,EQ,4.25,4.6,4.2,4.45,4.45,4.25,2380928,10490746.6,28-SEP-2012,1239,INE299C01024,
KHAITANELE,EQ,60.1,61,60.1,61,61,60.5,14,848.8,28-SEP-2012,5,INE761A01019,
KHANDSE,EQ,17,17.65,17,17.35,17.35,16.9,810,13872.7,28-SEP-2012,7,INE060B01014,
KICL,EQ,340,346.95,334.5,338.45,343.75,335.05,1199,403836.55,28-SEP-2012,104,INE029L01018,
KIL,EQ,17.4,17.4,16.1,16.45,16.95,16.7,4780,79773.6,28-SEP-2012,48,INE390H01012,
KILITCH,EQ,43.9,44,41,41.5,41.6,44.15,93995,3946185.2,28-SEP-2012,2686,INE729D01010,
KINETICMOT,EQ,10.2,11.35,10.2,10.75,10.7,10.3,83063,908040.3,28-SEP-2012,648,INE267B01015,
KIRIINDUS,EQ,22.15,24.9,22.15,23.85,23.5,23.5,54102,1317637.4,28-SEP-2012,710,INE415I01015,
KIRLOSBROS,EQ,137,140,133.95,134.45,133.95,136,4305,589087.75,28-SEP-2012,122,INE732A01036,
KIRLOSENG,EQ,169,171,167,171,171,170,6543,1108723.1,28-SEP-2012,87,INE146L01010,
KIRLOSIND,EQ,300.55,301,300,300.05,300,300.15,2055,616684.6,28-SEP-2012,37,INE250A01039,
KITEX,EQ,60,61.8,58.25,59.8,60,61.2,11361,686809.4,28-SEP-2012,104,INE602G01020,
KITPLYIND,EQ,2.75,2.9,2.7,2.9,2.9,2.8,2851,7997.75,28-SEP-2012,11,INE147B01019,
KKCL,EQ,685,747,665.15,678.6,680,666.95,1846,1246154.25,28-SEP-2012,476,INE401H01017,
KLGSYSTEL,BE,18,18.9,17.9,18.25,18.25,18.15,3534,65743.05,28-SEP-2012,40,INE799A01019,
KLRF,BE,27.4,27.4,27.4,27.4,27.4,28.8,21,575.4,28-SEP-2012,2,INE014E01015,
KMSUGAR,EQ,2.55,2.55,2.45,2.5,2.5,2.6,2829,7122.45,28-SEP-2012,17,INE157H01023,
KNRCON,EQ,117.7,117.75,113.3,113.65,113.3,113.05,2364,271439.1,28-SEP-2012,79,INE634I01011,
KOHINOOR,EQ,28.8,29.75,28.4,29.15,29.1,28.4,109316,3182392.7,28-SEP-2012,670,INE080B01012,
KOKUYOCMLN,EQ,39.25,40.65,38.4,39.65,39.5,39.6,21184,845989,28-SEP-2012,265,INE760A01029,
KOLTEPATIL,EQ,44.7,46.7,44.15,44.8,44.35,44.8,44811,2040278.75,28-SEP-2012,737,INE094I01018,
KOPDRUGS,BE,3.95,4.2,3.85,4.2,4.2,4,14008,57309,28-SEP-2012,33,INE746A01010,
KOPRAN,EQ,20.45,20.95,19.9,20.15,20.1,20.35,44813,920829.15,28-SEP-2012,282,INE082A01010,
KOTAKBANK,EQ,648.5,650.9,643.35,648.75,648,644.65,542686,351706702.7,28-SEP-2012,17854,INE237A01028,
KOTAKGOLD,EQ,2990,3018.9,2975,3003.8,3005,3001.4,23130,69491363.25,28-SEP-2012,981,INF373I01015,
KOTAKNIFTY,EQ,581,583,577,581,581,580.08,2323,1351617.9,28-SEP-2012,36,INF174K01518,
KOTAKPSUBK,EQ,355,357,349,351.19,351,353,419,147320,28-SEP-2012,33,INF373I01023,
KOTARISUG,EQ,8.9,8.9,8.5,8.5,8.5,8.55,9690,82886.25,28-SEP-2012,27,INE419A01022,
KOTHARIPET,EQ,8,8.3,8,8,8,8,31419,253218.05,28-SEP-2012,25,INE720A01015,
KOTHARIPRO,EQ,396,396.15,391.55,395.3,396.1,399.65,947,374777,28-SEP-2012,55,INE823A01017,
KOUTONS,BE,10.25,10.25,10.25,10.25,10.25,9.8,43995,450948.75,28-SEP-2012,110,INE406I01014,
KOVAI,BE,102,106.9,102,104.3,106.9,102,250,25960,28-SEP-2012,6,INE177F01017,
KPIT,EQ,124.1,127.6,123.1,123.8,124,123.6,284788,35633766.55,28-SEP-2012,4162,INE836A01035,
KPRMILL,EQ,128.05,135.55,128,129.4,130.4,131.65,997,130681.2,28-SEP-2012,93,INE930H01015,
KRBL,EQ,23.5,24.85,23.5,24.7,24.7,23.4,796549,19407755.1,28-SEP-2012,2370,INE001B01026,
KRISHNAENG,BE,1.9,1.9,1.9,1.9,1.9,2,2000,3800,28-SEP-2012,1,INE409C01011,
KRITIIND,EQ,5.75,6.05,5.7,6.05,6.05,5.8,1165,6700.5,28-SEP-2012,6,INE479D01038,
KSBPUMPS,EQ,208,208,205.05,205.9,205.95,208.75,4382,905144.55,28-SEP-2012,105,INE999A01015,
KSCL,EQ,1035.1,1065,1029.9,1051,1048,1043.55,7303,7721081.25,28-SEP-2012,438,INE455I01011,
KSE,EQ,231.95,236,231.9,235,235,230,933,219124.4,28-SEP-2012,27,INE953E01014,
KSERASERA,BE,2.75,2.75,2.6,2.75,2.75,2.65,32045,87326.1,28-SEP-2012,31,INE216D01018,
KSK,EQ,63.15,64,62.55,62.65,62.65,63.15,20255,1278252.9,28-SEP-2012,150,INE143H01015,
KSL,EQ,55,57.5,55,55.6,56.2,55.35,45342,2552210.6,28-SEP-2012,660,INE907A01026,
KSOILS,EQ,4.95,5.2,4.95,5,4.95,4.9,2860163,14463199.5,28-SEP-2012,1519,INE727D01022,
KTIL,EQ,63.55,71.1,63.55,70.9,70,64.65,5039,353347.7,28-SEP-2012,34,INE096L01017,
KTKBANK,EQ,102.55,110.8,102.55,109.15,109.65,102.55,9264005,1002263449.25,28-SEP-2012,43715,INE614B01018,
KWALITY,EQ,32.15,32.5,31.25,31.55,31.5,32.05,207793,6647945.2,28-SEP-2012,923,INE775B01025,
L&TFH,EQ,49,49.35,48,48.3,48.3,48.55,463775,22601176.95,28-SEP-2012,3267,INE498L01015,
L&TFINANCE,N1,995,996,993.1,995.49,993.1,998,174,173215.2,28-SEP-2012,7,INE523E07426,
L&TFINANCE,N2,990.15,992.25,990.15,992.25,992.25,999.05,111,110090.94,28-SEP-2012,5,INE523E07434,
L&TFINANCE,N3,1327,1329.99,1323.9,1329.99,1329.99,1326,194,257244.35,28-SEP-2012,8,INE523E07442,
L&TFINANCE,N5,995,995,994,994,994,992.77,110,109350,28-SEP-2012,5,INE523E07475,
L&TFINANCE,N6,1031,1031,1031,1031,1031,1035,25,25775,28-SEP-2012,1,INE523E07483,
LAKPRE,EQ,39,39,38.25,38.5,38.5,38.25,5300,203467.75,28-SEP-2012,24,INE651C01018,
LAKSHMIEFL,EQ,17.15,18.5,17.15,18.1,18,17.4,134858,2449809.85,28-SEP-2012,817,INE992B01026,
LAKSHMIFIN,BE,22.05,22.05,22.05,22.05,22.05,21.05,200,4410,28-SEP-2012,1,INE850E01012,
LAKSHMIMIL,EQ,1543.85,1543.85,1543.85,1543.85,1543.85,1510.65,13,20070.05,28-SEP-2012,13,INE938C01019,
LAKSHVILAS,EQ,78.75,81.45,78.4,80.45,80.25,78.75,157752,12606780.1,28-SEP-2012,1854,INE694C01018,
LANCOIN,EQ,26.95,28,26.65,26.8,26.95,26.6,57265,1560456.6,28-SEP-2012,467,INE943C01027,
LAOPALA,EQ,140.1,144,140,143.7,143.1,142.15,5458,779691.7,28-SEP-2012,117,INE059D01012,
LAXMIMACH,EQ,2050,2083,2010,2032.65,2033,2036.5,4366,8971606.25,28-SEP-2012,563,INE269B01029,
LCCINFOTEC,EQ,0.35,0.45,0.35,0.45,0.45,0.4,10302,3880.75,28-SEP-2012,12,INE938A01021,
LGBBROSLTD,EQ,250.45,257,250.45,252.2,252.2,250.4,612,154901.95,28-SEP-2012,67,INE337A01034,
LGBFORGE,EQ,2.35,2.4,2.3,2.4,2.4,2.3,10828,25757.1,28-SEP-2012,33,INE201J01017,
LIBERTSHOE,EQ,113.9,120.9,111.55,117.2,118.2,112.4,378256,44547628.45,28-SEP-2012,5097,INE557B01019,
LICHSGFIN,EQ,275.9,285.4,270.55,281.8,282.6,273.35,3129291,879971809.7,28-SEP-2012,42388,INE115A01026,
LIQUIDBEES,EQ,1000,1000.01,999.99,999.99,1000.01,1000,993931,993932709.17,28-SEP-2012,9954,INF732E01037,
LITL,EQ,15.25,15.5,14.95,15.05,15.1,14.8,23716332,361380751.55,28-SEP-2012,23696,INE785C01048,
LLOYDELENG,EQ,50.55,52.45,50.3,51.95,51.45,51.3,31587,1642082.15,28-SEP-2012,308,INE245C01019,
LLOYDFIN,EQ,0.75,0.75,0.65,0.7,0.65,0.65,2954,2074.1,28-SEP-2012,12,INE174A01015,
LLOYDSTEEL,EQ,11.1,11.25,11.1,11.2,11.2,11.15,49773,557200.6,28-SEP-2012,71,INE292A01015,
LML,EQ,6.4,6.7,6.4,6.6,6.65,6.5,145245,958874.45,28-SEP-2012,192,INE862A01015,
LOGIXMICRO,EQ,18.5,19,17.9,19,19,18.95,6189,115378.15,28-SEP-2012,54,INE848A01014,
LOKESHMACH,EQ,32.15,32.9,31.7,32.6,32,31.95,3471,112182.2,28-SEP-2012,78,INE397H01017,
LOTUSEYE,EQ,8.3,8.45,7.75,7.8,7.8,8.3,18638,147664.15,28-SEP-2012,59,INE947I01017,
LOVABLE,EQ,331,333,327.25,328.4,327.9,327.8,76589,25284839.6,28-SEP-2012,2465,INE597L01014,
LPDC,EQ,2,2.15,1.95,2.05,2.1,2.1,120321,236026.05,28-SEP-2012,743,INE197J01017,
LT,EQ,1605.3,1619.8,1587.7,1596.8,1594.5,1598.15,1335349,2145268413.1,28-SEP-2012,51012,INE018A01030,
LUMAXAUTO,EQ,24.5,25.65,23.3,25.2,25.4,24.6,1553,39057.05,28-SEP-2012,60,INE547G01019,
LUMAXIND,EQ,397,397,368,383.75,384.5,385,8625,3338990.95,28-SEP-2012,167,INE162B01018,
LUMAXTECH,EQ,162.5,166,162.5,163.2,163,160.35,8475,1390986.8,28-SEP-2012,165,INE872H01019,
LUPIN,EQ,603,603,590.85,595.95,598.55,596.25,2131952,1271905865.55,28-SEP-2012,50651,INE326A01037,
LYKALABS,EQ,10.05,10.95,10.05,10.95,10.95,10.45,8252,88305.95,28-SEP-2012,37,INE933A01014,
M&M,EQ,853.75,872.5,853.75,864.7,863.85,852.2,1916212,1658253580.45,28-SEP-2012,64112,INE101A01026,
M&MFIN,EQ,901.2,915.5,891,897.4,898.95,901.2,181224,16344600